<?xml version="1.0" encoding="UTF-8"?>
<configs>
	<set xpath="/items/item[@name='meleeToolStoneAxe']/effect_group[@name='meleeToolStoneAxe']/passive_effect[@name='EntityDamage'][@operation='base_set']/@value">18</set> <!-- default: 9 -->
	<set xpath="/items/item[@name='meleeToolStoneAxeTazas']/effect_group[@name='meleeToolStoneAxeTazas']/passive_effect[@name='EntityDamage'][@operation='base_set']/@value">24</set> <!-- default: 12 -->
	<set xpath="/items/item[@name='meleeToolClawHammer']/effect_group[@name='meleeToolClawHammer']/passive_effect[@name='EntityDamage'][@operation='base_set']/@value">24</set> <!-- default: 12 -->
	<set xpath="/items/item[@name='meleeToolFireaxeIron']/effect_group[@name='meleeToolFireaxeIron']/passive_effect[@name='EntityDamage'][@operation='base_set']/@value">31</set> <!-- default: 15.1 -->
	<set xpath="/items/item[@name='meleeToolFireaxeSteel']/effect_group[@name='meleeToolFireaxeSteel']/passive_effect[@name='EntityDamage'][@operation='base_set']/@value">58</set> <!-- default: 28.9 -->
	<set xpath="/items/item[@name='meleeToolPickaxeIron']/effect_group[@name='meleeToolPickaxeIron']/passive_effect[@name='EntityDamage'][@operation='base_set']/@value">23</set> <!-- default: 11.2 -->
	<set xpath="/items/item[@name='meleeToolPickaxeSteel']/effect_group[@name='meleeToolPickaxeSteel']/passive_effect[@name='EntityDamage'][@operation='base_set']/@value">47</set> <!-- default: 23.2 -->
	<set xpath="/items/item[@name='meleeToolShovelStone']/effect_group[@name='meleeToolShovelStone']/passive_effect[@name='EntityDamage'][@operation='base_set']/@value">20</set> <!-- default: 9.6 -->
	<set xpath="/items/item[@name='meleeToolShovelIron']/effect_group[@name='meleeToolShovelIron']/passive_effect[@name='EntityDamage'][@operation='base_set']/@value">24</set> <!-- default: 11.6 -->
	<set xpath="/items/item[@name='meleeToolShovelSteel']/effect_group[@name='meleeToolShovelSteel']/passive_effect[@name='EntityDamage'][@operation='base_set']/@value">35</set> <!-- default: 17.4 -->
	<set xpath="/items/item[@name='meleeToolChainsaw']/effect_group[@name='meleeToolChainsaw']/passive_effect[@name='EntityDamage'][@operation='base_set']/@value">12</set> <!-- default: 6 -->
	<set xpath="/items/item[@name='meleeToolAuger']/effect_group[@name='meleeToolAuger']/passive_effect[@name='EntityDamage'][@operation='base_set']/@value">9</set> <!-- default: 4.2 -->
	<set xpath="/items/item[@name='meleeToolWrench']/effect_group[@name='meleeToolWrench']/passive_effect[@name='EntityDamage'][@operation='base_set']/@value">36</set> <!-- default: 18 -->
	<set xpath="/items/item[@name='meleeToolKnifeBone']/effect_group[@name='meleeToolKnifeBone']/passive_effect[@name='EntityDamage'][@operation='base_set']/@value">11</set> <!-- default: 5.1 -->
	<set xpath="/items/item[@name='meleeToolKnifeIron']/effect_group[@name='meleeToolKnifeIron']/passive_effect[@name='EntityDamage'][@operation='base_set']/@value">13</set> <!-- default: 6.1 -->
	<set xpath="/items/item[@name='meleeToolKnifeCandy']/effect_group[@name='meleeToolKnifeCandy']/passive_effect[@name='EntityDamage'][@operation='base_set']/@value">14</set> <!-- default: 6.6 -->
	<set xpath="/items/item[@name='meleeToolKnifeMachete']/effect_group[@name='meleeToolKnifeMachete']/passive_effect[@name='EntityDamage'][@operation='base_set']/@value">40</set> <!-- default: 19.8 -->
	<set xpath="/items/item[@name='meleeClubWood']/effect_group[@name='meleeClubWood']/passive_effect[@name='EntityDamage'][@operation='base_set']/@value">28</set> <!-- default: 13.8 -->
	<set xpath="/items/item[@name='meleeClubIron']/effect_group[@name='meleeClubIron']/passive_effect[@name='EntityDamage'][@operation='base_set']/@value">35</set> <!-- default: 17.4 -->
	<set xpath="/items/item[@name='meleeClubCandy']/effect_group[@name='meleeClubCandy']/passive_effect[@name='EntityDamage'][@operation='base_set']/@value">39</set> <!-- default: 19.2 -->
	<set xpath="/items/item[@name='meleeClubBaseballBat']/effect_group[@name='meleeClubBaseballBat']/passive_effect[@name='EntityDamage'][@operation='base_set']/@value">53</set> <!-- default: 26.2 -->
	<set xpath="/items/item[@name='meleeStunBaton']/effect_group[@name='meleeStunBaton']/passive_effect[@name='EntityDamage'][@operation='base_set']/@value">22</set> <!-- default: 10.8 -->
	<set xpath="/items/item[@name='meleeThrownSpearStone']/effect_group[@name='meleeThrownSpearStone']/passive_effect[@name='EntityDamage'][@operation='base_set']/@value">21</set> <!-- default: 10.3 -->
	<set xpath="/items/item[@name='meleeThrownSpearIron']/effect_group[@name='meleeThrownSpearIron']/passive_effect[@name='EntityDamage'][@operation='base_set']/@value">25</set> <!-- default: 12.4 -->
	<set xpath="/items/item[@name='meleeThrownSpearSteel']/effect_group[@name='meleeThrownSpearSteel']/passive_effect[@name='EntityDamage'][@operation='base_set']/@value">38</set> <!-- default: 18.6 -->
	<set xpath="/items/item[@name='meleeToolSledgehammerStone']/effect_group[@name='meleeToolSledgehammerStone']/passive_effect[@name='EntityDamage'][@operation='base_set']/@value">35</set> <!-- default: 17.5 -->
	<set xpath="/items/item[@name='meleeToolSledgehammerIron']/effect_group[@name='meleeToolSledgehammerIron']/passive_effect[@name='EntityDamage'][@operation='base_set']/@value">62</set> <!-- default: 30.8 -->
	<set xpath="/items/item[@name='meleeToolSledgehammerSteel']/effect_group[@name='meleeToolSledgehammerSteel']/passive_effect[@name='EntityDamage'][@operation='base_set']/@value">93</set> <!-- default: 46.2 -->
	<set xpath="/items/item[@name='meleeKnucklesLeather']/effect_group[@name='meleeKnucklesLeather']/passive_effect[@name='EntityDamage'][@operation='base_set']/@value">13</set> <!-- default: 6.2 -->
	<set xpath="/items/item[@name='meleeKnucklesIron']/effect_group[@name='meleeKnucklesIron']/passive_effect[@name='EntityDamage'][@operation='base_set']/@value">19</set> <!-- default: 9.1 -->
	<set xpath="/items/item[@name='meleeKnucklesSteel']/effect_group[@name='meleeKnucklesSteel']/passive_effect[@name='EntityDamage'][@operation='base_set']/@value">28</set> <!-- default: 13.6 -->
	<set xpath="/items/item[@name='meleeToolHoeIron']/effect_group[@name='meleeToolHoeIron']/passive_effect[@name='EntityDamage'][@operation='base_set']/@value">27</set> <!-- default: 13.2 -->
	<set xpath="/items/item[@name='meleeToolFlashlight02']/effect_group[@name='meleeToolFlashlight02']/passive_effect[@name='EntityDamage'][@operation='base_set']/@value">15</set> <!-- default: 7.2 -->
	<set xpath="/items/item[@name='meleeToolTorch']/effect_group[@name='meleeToolTorch']/passive_effect[@name='EntityDamage'][@operation='base_set']/@value">21</set> <!-- default: 10.2 -->
	<set xpath="/items/item[@name='gunJunkTurret']/effect_group[@name='gunJunkTurret']/passive_effect[@name='EntityDamage'][@operation='base_set']/@value">24</set> <!-- default: 11.8 -->
	<set xpath="/items/item[@name='meleeHandPlayer']/effect_group[@name='meleeHandPlayer']/passive_effect[@name='EntityDamage'][@operation='base_set']/@value">14</set> <!-- default: 7 -->
	<set xpath="/items/item[@name='handPlayer']/effect_group[@name='handPlayer']/passive_effect[@name='EntityDamage'][@operation='base_set']/@value">10</set> <!-- default: 5 -->
	<set xpath="/items/item[@name='ammo9mmBulletBall']/effect_group[@name='ammo9mmBulletBall']/passive_effect[@name='EntityDamage'][@operation='base_set']/@value">64</set> <!-- default: 32 -->
	<set xpath="/items/item[@name='ammo9mmBulletHP']/effect_group[@name='ammo9mmBulletHP']/passive_effect[@name='EntityDamage'][@operation='base_set']/@value">84</set> <!-- default: 41.6 -->
	<set xpath="/items/item[@name='ammo9mmBulletAP']/effect_group[@name='ammo9mmBulletAP']/passive_effect[@name='EntityDamage'][@operation='base_set']/@value">64</set> <!-- default: 32 -->
	<set xpath="/items/item[@name='ammo44MagnumBulletBall']/effect_group[@name='ammo44MagnumBulletBall']/passive_effect[@name='EntityDamage'][@operation='base_set']/@value">130</set> <!-- default: 65 -->
	<set xpath="/items/item[@name='ammo44MagnumBulletHP']/effect_group[@name='ammo44MagnumBulletHP']/passive_effect[@name='EntityDamage'][@operation='base_set']/@value">169</set> <!-- default: 84.5 -->
	<set xpath="/items/item[@name='ammo44MagnumBulletAP']/effect_group[@name='ammo44MagnumBulletAP']/passive_effect[@name='EntityDamage'][@operation='base_set']/@value">160</set> <!-- default: 80 -->
	<set xpath="/items/item[@name='ammo762mmBulletBall']/effect_group[@name='ammo762mmBulletBall']/passive_effect[@name='EntityDamage'][@operation='base_set']/@value">100</set> <!-- default: 50 -->
	<set xpath="/items/item[@name='ammo762mmBulletHP']/effect_group[@name='ammo762mmBulletHP']/passive_effect[@name='EntityDamage'][@operation='base_set']/@value">130</set> <!-- default: 65 -->
	<set xpath="/items/item[@name='ammo762mmBulletAP']/effect_group[@name='ammo762mmBulletAP']/passive_effect[@name='EntityDamage'][@operation='base_set']/@value">100</set> <!-- default: 50 -->
	<set xpath="/items/item[@name='ammoShotgunShell']/effect_group[@name='ammoShotgunShell']/passive_effect[@name='EntityDamage'][@operation='base_set']/@value">28</set> <!-- default: 14 -->
	<set xpath="/items/item[@name='ammoShotgunSlug']/effect_group[@name='ammoShotgunSlug']/passive_effect[@name='EntityDamage'][@operation='base_set']/@value">240</set> <!-- default: 120 -->
	<set xpath="/items/item[@name='ammoShotgunBreachingSlug']/effect_group[@name='ammoShotgunBreachingSlug']/passive_effect[@name='EntityDamage'][@operation='base_set']/@value">240</set> <!-- default: 120 -->
	<set xpath="/items/item[@name='ammoBlunderbuss']/effect_group[@name='ammoBlunderbuss']/passive_effect[@name='EntityDamage'][@operation='base_set']/@value">24</set> <!-- default: 12 -->
	<set xpath="/items/item[@name='ammoRocketHE']/effect_group[@name='ammoRocketHE']/passive_effect[@name='EntityDamage'][@operation='base_set']/@value">420</set> <!-- default: 210 -->
	<set xpath="/items/item[@name='ammoRocketFrag']/effect_group[@name='ammoRocketFrag']/passive_effect[@name='EntityDamage'][@operation='base_set']/@value">650</set> <!-- default: 325 -->
	<set xpath="/items/item[@name='ammoArrowStone']/effect_group[@name='ammoArrowStone']/passive_effect[@name='EntityDamage'][@operation='base_set']/@value">50</set> <!-- default: 25 -->
	<set xpath="/items/item[@name='ammoArrowIron']/effect_group[@name='ammoArrowIron']/passive_effect[@name='EntityDamage'][@operation='base_set']/@value">56</set> <!-- default: 28 -->
	<set xpath="/items/item[@name='ammoArrowSteelAP']/effect_group[@name='ammoArrowSteelAP']/passive_effect[@name='EntityDamage'][@operation='base_set']/@value">62</set> <!-- default: 31 -->
	<set xpath="/items/item[@name='ammoArrowFlaming']/effect_group[@name='ammoArrowFlaming']/passive_effect[@name='EntityDamage'][@operation='base_set']/@value">50</set> <!-- default: 25 -->
	<set xpath="/items/item[@name='ammoArrowExploding']/effect_group[@name='ammoArrowExploding']/passive_effect[@name='EntityDamage'][@operation='base_set']/@value">180</set> <!-- default: 90 -->
	<set xpath="/items/item[@name='ammoCrossbowBoltStone']/effect_group[@name='ammoCrossbowBoltStone']/passive_effect[@name='EntityDamage'][@operation='base_set']/@value">64</set> <!-- default: 32 -->
	<set xpath="/items/item[@name='ammoCrossbowBoltIron']/effect_group[@name='ammoCrossbowBoltIron']/passive_effect[@name='EntityDamage'][@operation='base_set']/@value">76</set> <!-- default: 38 -->
	<set xpath="/items/item[@name='ammoCrossbowBoltSteelAP']/effect_group[@name='ammoCrossbowBoltSteelAP']/passive_effect[@name='EntityDamage'][@operation='base_set']/@value">90</set> <!-- default: 45 -->
	<set xpath="/items/item[@name='ammoCrossbowBoltFlaming']/effect_group[@name='ammoCrossbowBoltFlaming']/passive_effect[@name='EntityDamage'][@operation='base_set']/@value">76</set> <!-- default: 38 -->
	<set xpath="/items/item[@name='ammoCrossbowBoltExploding']/effect_group[@name='ammoCrossbowBoltExploding']/passive_effect[@name='EntityDamage'][@operation='base_set']/@value">250</set> <!-- default: 125 -->
	<set xpath="/items/item[@name='ammoDartIron']/effect_group[@name='ammoDartIron']/passive_effect[@name='EntityDamage'][@operation='base_set']/@value">90</set> <!-- default: 45 -->
	<set xpath="/items/item[@name='resourceNail']/effect_group[@name='resourceNail']/passive_effect[@name='EntityDamage'][@operation='base_set']/@value">10</set> <!-- default: 5 -->
	<set xpath="/items/item[@name='gunPistolAdmin']/effect_group[@name='gunPistolAdmin']/passive_effect[@name='EntityDamage'][@operation='base_set']/@value">10000</set> <!-- default: 5000 -->
</configs>