<?xml version="1.0" encoding="UTF-8"?>
<configs>
    <!--
    <item name="" loot_prob_template=""/>
    <item name=""/>
    <item name="" prob=""/>
    <append xpath="lootcontainers/lootgroup[@name='']">
        
    </append>
    -->
	<append xpath="/lootcontainers/lootgroup[@name='schematicsToolsRare']">
        <item name="entrenchingToolSchematic"/>
    </append>
    <append xpath="lootcontainers/lootgroup[@name='groupQuestTools']">
        <item name="ygEntrenchingToolIron" loot_prob_template="GradeBLoot"/>
        <item name="ygEntrenchingToolSteel" loot_prob_template="GradeCLoot"/>
    </append>
    <append xpath="lootcontainers/lootgroup[@name='rareTools']">
        <item name="ygEntrenchingToolSteel" prob="0.75"/>
    </append>
    <append xpath="lootcontainers/lootgroup[@name='tools']">
        <item name="ygEntrenchingToolIron"/>
    </append>
</configs>