<?xml version="1.0" encoding="UTF-8"?>
<configs>
	<set xpath="/items/item[@name='meleeBoneShiv']/effect_group[@name='Base Effects']/passive_effect[@name='EntityDamage'][@operation='base_set']/@value">80</set>
	<set xpath="/items/item[@name='meleeCandyCaneShiv']/effect_group[@name='Base Effects']/passive_effect[@name='EntityDamage'][@operation='base_set']/@value">80</set>
	<set xpath="/items/item[@name='meleeToolHuntingKnife']/effect_group[@name='Base Effects']/passive_effect[@name='EntityDamage'][@operation='base_set']/@value">65</set>
	<set xpath="/items/item[@name='meleeToolFlashlight02']/effect_group[@name='Base Effects']/passive_effect[@name='EntityDamage'][@operation='base_set']/@value">50</set>
	<set xpath="/items/item[@name='meleeToolClawHammer']/effect_group[@name='Base Effects']/passive_effect[@name='EntityDamage'][@operation='base_set']/@value">45</set>
	<set xpath="/items/item[@name='meleeToolStoneAxe']/effect_group[@name='Base Effects']/passive_effect[@name='EntityDamage'][@operation='base_set']/@value">50</set>
	<set xpath="/items/item[@name='meleeToolStoneAxeTazas']/effect_group[@name='Base Effects']/passive_effect[@name='EntityDamage'][@operation='base_set']/@value">60</set>
	<set xpath="/items/item[@name='meleeClubWood']/effect_group[@name='Base Effects']/passive_effect[@name='EntityDamage'][@operation='base_set']/@value">80</set>
	<set xpath="/items/item[@name='meleeClubIron']/effect_group[@name='Base Effects']/passive_effect[@name='EntityDamage'][@operation='base_set']/@value">105</set>
	<set xpath="/items/item[@name='meleeCandyCaneClub']/effect_group[@name='Base Effects']/passive_effect[@name='EntityDamage'][@operation='base_set']/@value">108</set>
	<set xpath="/items/item[@name='meleeToolTorch']/effect_group[@name='Base Effects']/passive_effect[@name='EntityDamage'][@operation='base_set']/@value">60</set>
	<set xpath="/items/item[@name='meleeToolMachete']/effect_group[@name='Base Effects']/passive_effect[@name='EntityDamage'][@operation='base_set']/@value">100</set>
	<set xpath="/items/item[@name='meleeToolPickaxeIron']/effect_group[@name='Base Effects']/passive_effect[@name='EntityDamage'][@operation='base_set']/@value">85</set>
	<set xpath="/items/item[@name='meleeToolWrench']/effect_group[@name='Base Effects']/passive_effect[@name='EntityDamage'][@operation='base_set']/@value">63</set>
	<set xpath="/items/item[@name='meleeToolShovelStone']/effect_group[@name='Base Effects']/passive_effect[@name='EntityDamage'][@operation='base_set']/@value">55</set>
	<set xpath="/items/item[@name='meleeToolShovelIron']/effect_group[@name='Base Effects']/passive_effect[@name='EntityDamage'][@operation='base_set']/@value">65</set>
	<set xpath="/items/item[@name='meleeToolShovelSteel']/effect_group[@name='Base Effects']/passive_effect[@name='EntityDamage'][@operation='base_set']/@value">80</set>
	<set xpath="/items/item[@name='meleeToolSledgehammer']/effect_group[@name='Base Effects']/passive_effect[@name='EntityDamage'][@operation='base_set']/@value">210</set>
	<set xpath="/items/item[@name='meleeToolFireaxeIron']/effect_group[@name='Base Effects']/passive_effect[@name='EntityDamage'][@operation='base_set']/@value">130</set>
	<set xpath="/items/item[@name='meleeToolFireaxeSteel']/effect_group[@name='Base Effects']/passive_effect[@name='EntityDamage'][@operation='base_set']/@value">150</set>
	<set xpath="/items/item[@name='meleeToolPickaxeSteel']/effect_group[@name='Base Effects']/passive_effect[@name='EntityDamage'][@operation='base_set']/@value">110</set>
	<set xpath="/items/item[@name='meleeToolHoeIron']/effect_group[@name='Base Effects']/passive_effect[@name='EntityDamage'][@operation='base_set']/@value">50</set>
	<set xpath="/items/item[@name='meleeToolChainsaw']/effect_group[@name='Base Effects']/passive_effect[@name='EntityDamage'][@operation='base_set']/@value">25</set>
	<set xpath="/items/item[@name='meleeToolAuger']/effect_group[@name='Base Effects']/passive_effect[@name='EntityDamage'][@operation='base_set']/@value">18</set>
	<set xpath="/items/item[@name='meleeHandPlayer']/effect_group[@name='Base Effects']/passive_effect[@name='EntityDamage'][@operation='base_set']/@value">35</set>
	<set xpath="/items/item[@name='handPlayer']/effect_group[@name='Base Effects']/passive_effect[@name='EntityDamage'][@operation='base_set']/@value">25</set>
	<set xpath="/items/item[@name='ammo9mmBullet']/effect_group[@name='Base Effects']/passive_effect[@name='EntityDamage'][@operation='base_set']/@value">160</set>
	<set xpath="/items/item[@name='ammo9mmBulletJHP']/effect_group[@name='Base Effects']/passive_effect[@name='EntityDamage'][@operation='base_set']/@value">175</set>
	<set xpath="/items/item[@name='ammo9mmBulletSteel']/effect_group[@name='Base Effects']/passive_effect[@name='EntityDamage'][@operation='base_set']/@value">145</set>
	<set xpath="/items/item[@name='ammo44MagnumBullet']/effect_group[@name='Base Effects']/passive_effect[@name='EntityDamage'][@operation='base_set']/@value">400</set>
	<set xpath="/items/item[@name='ammo44MagnumBulletAP']/effect_group[@name='Base Effects']/passive_effect[@name='EntityDamage'][@operation='base_set']/@value">400</set>
	<set xpath="/items/item[@name='ammo44MagnumBulletSteel']/effect_group[@name='Base Effects']/passive_effect[@name='EntityDamage'][@operation='base_set']/@value">380</set>
	<set xpath="/items/item[@name='ammo762mmBulletFMJ']/effect_group[@name='Base Effects']/passive_effect[@name='EntityDamage'][@operation='base_set']/@value">250</set>
	<set xpath="/items/item[@name='ammo762mmBulletAP']/effect_group[@name='Base Effects']/passive_effect[@name='EntityDamage'][@operation='base_set']/@value">250</set>
	<set xpath="/items/item[@name='ammo762mmBulletFMJSteel']/effect_group[@name='Base Effects']/passive_effect[@name='EntityDamage'][@operation='base_set']/@value">230</set>
	<set xpath="/items/item[@name='ammoShotgunShell']/effect_group[@name='Base Effects']/passive_effect[@name='EntityDamage'][@operation='base_set']/@value">60</set>
	<set xpath="/items/item[@name='ammoShotgunSlug']/effect_group[@name='Base Effects']/passive_effect[@name='EntityDamage'][@operation='base_set']/@value">400</set>
	<set xpath="/items/item[@name='ammoBlunderbuss']/effect_group[@name='Base Effects']/passive_effect[@name='EntityDamage'][@operation='base_set']/@value">55</set>
	<set xpath="/items/item[@name='ammoRocketHE']/effect_group[@name='Base Effects']/passive_effect[@name='EntityDamage'][@operation='base_set']/@value">1750</set>
	<set xpath="/items/item[@name='ammoRocketFrag']/effect_group[@name='Base Effects']/passive_effect[@name='EntityDamage'][@operation='base_set']/@value">1750</set>
	<set xpath="/items/item[@name='ammoArrowStone']/effect_group[@name='Base Effects']/passive_effect[@name='EntityDamage'][@operation='base_set']/@value">125</set>
	<set xpath="/items/item[@name='ammoArrowIron']/effect_group[@name='Base Effects']/passive_effect[@name='EntityDamage'][@operation='base_set']/@value">140</set>
	<set xpath="/items/item[@name='ammoArrowSteelAP']/effect_group[@name='Base Effects']/passive_effect[@name='EntityDamage'][@operation='base_set']/@value">155</set>
	<set xpath="/items/item[@name='ammoArrowFlaming']/effect_group[@name='Base Effects']/passive_effect[@name='EntityDamage'][@operation='base_set']/@value">140</set>
	<set xpath="/items/item[@name='ammoCrossbowBoltStone']/effect_group[@name='Base Effects']/passive_effect[@name='EntityDamage'][@operation='base_set']/@value">140</set>
	<set xpath="/items/item[@name='ammoCrossbowBoltIron']/effect_group[@name='Base Effects']/passive_effect[@name='EntityDamage'][@operation='base_set']/@value">170</set>
	<set xpath="/items/item[@name='ammoCrossbowBoltSteelAP']/effect_group[@name='Base Effects']/passive_effect[@name='EntityDamage'][@operation='base_set']/@value">200</set>
	<set xpath="/items/item[@name='ammoCrossbowBoltExploding']/effect_group[@name='Base Effects']/passive_effect[@name='EntityDamage'][@operation='base_set']/@value">150</set>
	<set xpath="/items/item[@name='ammoDartSteel']/effect_group[@name='Base Effects']/passive_effect[@name='EntityDamage'][@operation='base_set']/@value">225</set>
	<set xpath="/items/item[@name='resourceNail']/effect_group[@name='Base Effects']/passive_effect[@name='EntityDamage'][@operation='base_set']/@value">25</set>
	<set xpath="/items/item[@name='meleeToolWrenchAdmin']/effect_group[@name='Base Effects']/passive_effect[@name='EntityDamage'][@operation='base_set']/@value">50000</set>
	<set xpath="/items/item[@name='gunToolDiggerAdmin']/effect_group[@name='Base Effects']/passive_effect[@name='EntityDamage'][@operation='base_set']/@value">0</set>
	<set xpath="/items/item[@name='gunPistolAdmin']/effect_group[@name='Base Effects']/passive_effect[@name='EntityDamage'][@operation='base_set']/@value">25000</set>
	<set xpath="/items/item[@name='meleeToolHammerOfGodAdmin']/effect_group[@name='Base Effects']/passive_effect[@name='EntityDamage'][@operation='base_set']/@value">25000</set>
</configs>