<?xml version="1.0" encoding="UTF-8"?>
<configs>
	<append xpath="progression/perks/perk[@name='perkDeadEye']/effect_group/passive_effect[contains(@tags, 'gunRifleT1HuntingRifle')]/@tags">,gunRifleT1HuntingRifleSchematic</append>
	<append xpath="progression/perks/perk[@name='perkDemolitionsExpert']/effect_group/passive_effect[contains(@tags, 'thrownAmmoPipeBomb,mineCookingPot,rScrapIronPlateMine')]/@tags">,thrownAmmoPipeBombSchematic,mineCookingPotSchematic,rScrapIronPlateMineSchematic</append>
	<append xpath="progression/perks/perk[@name='perkDemolitionsExpert']/effect_group/passive_effect[contains(@tags, 'thrownDynamite,mineHubcap')]/@tags">,thrownDynamiteSchematic,mineHubcapSchematic</append>
	<append xpath="progression/perks/perk[@name='perkDemolitionsExpert']/effect_group/passive_effect[contains(@tags, 'thrownGrenade,resourceGunPowderBundle')]/@tags">,resourceGunPowderBundleSchematic,thrownGrenadeSchematic</append>
	<append xpath="progression/perks/perk[@name='perkDemolitionsExpert']/effect_group/passive_effect[contains(@tags, 'ammoRocketHE,ammoRocketFrag,resourceRocketTip,resourceRocketCasing')]/@tags">,gunExplosivesT3RocketLauncherSchematic</append>
	<append xpath="progression/perks/perk[@name='perkDemolitionsExpert']/effect_group/passive_effect[contains(@tags, 'thrownGrenadeContact,thrownTimedCharge,mineAirFilter')]/@tags">,thrownTimedChargeSchematic,thrownGrenadeContactSchematic,mineAirFilterSchematic</append>
	<append xpath="progression/perks/perk[@name='perkJavelinMaster']/effect_group/passive_effect[contains(@tags, 'meleeWpnSpearT1IronSpear')]/@tags">,meleeWpnSpearT1IronSpearSchematic</append>
	<append xpath="progression/perks/perk[@name='perkLockPicking']/effect_group/passive_effect[contains(@tags, 'resourceLockPick')]/@tags">,resourceLockPickSchematic</append>
	<append xpath="progression/perks/perk[@name='perkSalvageOperations']/effect_group/passive_effect[contains(@tags, 'meleeToolSalvageT1Wrench')]/@tags">,meleeToolSalvageT1WrenchSchematic</append>
	<append xpath="progression/perks/perk[@name='perkBoomstick']/effect_group/passive_effect[contains(@tags, 'gunShotgunT1DoubleBarrel')]/@tags">,gunShotgunT1DoubleBarrelSchematic</append>
	<append xpath="progression/perks/perk[@name='perkPummelPete']/effect_group/passive_effect[contains(@tags, 'meleeWpnClubT1BaseballBat')]/@tags">,meleeWpnClubT1BaseballBatSchematic</append>
	<append xpath="progression/perks/perk[@name='perkSkullCrusher']/effect_group/passive_effect[contains(@tags, 'meleeWpnSledgeT1IronSledgehammer')]/@tags">,meleeWpnSledgeT1IronSledgehammerSchematic</append>
	<append xpath="progression/perks/perk[@name='perkHeavyArmor']/effect_group/passive_effect[contains(@tags, 'armorIronHelmet,armorIronChest,armorIronGloves,armorIronLegs,armorIronBoots')]/@tags">,armorIronSetSchematic</append>
	<append xpath="progression/perks/perk[@name='perkMasterChef']/effect_group/passive_effect[contains(@tags, 'foodBaconAndEggs,foodBoiledMeat,foodGrilledMeat,foodBakedPotato,foodCornBread,foodCornOnTheCob,drinkJarRedTea,drinkJarCoffee,drinkJarGoldenRodTea')]/@tags">,foodBaconAndEggsSchematic,drinkJarRedTeaSchematic,drinkJarGoldenRodTeaSchematic,foodCornOnTheCobSchematic,foodBakedPotatoSchematic,foodGrilledMeatSchematic,drinkJarCoffeeSchematic,foodBoiledMeatSchematic,foodCornBreadSchematic</append>
	<append xpath="progression/perks/perk[@name='perkMasterChef']/effect_group/passive_effect[contains(@tags, 'foodSteakAndPotato,foodBlueberryPie,foodMeatStew,foodVegetableStew,foodPumpkinPie,foodPumpkinCheesecake,foodPumpkinBread')]/@tags">,foodSteakAndPotatoSchematic,foodPumpkinBreadSchematic,foodPumpkinPieSchematic,foodMeatStewSchematic,foodPumpkinCheesecakeSchematic,foodBlueberryPieSchematic,foodVegetableStewSchematic</append>
	<append xpath="progression/perks/perk[@name='perkMasterChef']/effect_group/passive_effect[contains(@tags, 'foodShamChowder,foodHoboStew,foodFishTacos,drinkYuccaJuiceSmoothie,foodChiliDog,drinkJarBeer')]/@tags">,foodShamChowderSchematic,foodFishTacosSchematic,drinkYuccaJuiceSmoothieSchematic,foodChiliDogSchematic,foodHoboStewSchematic,drinkJarBeerSchematic</append>
	<append xpath="progression/perks/perk[@name='perkMasterChef']/effect_group/passive_effect[contains(@tags, 'foodGumboStew,foodShepardsPie,foodSpaghetti,foodTunaFishGravyToast')]/@tags">,foodTunaFishGravyToastSchematic,foodShepardsPieSchematic,foodSpaghettiSchematic,foodGumboStewSchematic</append>
	<append xpath="progression/perks/perk[@name='perkMasterChef']/effect_group/passive_effect[contains(@tags, 'drinkJarGrandpasMoonshine,drinkJarGrandpasAwesomeSauce,drinkJarGrandpasLearningElixir')]/@tags">,drinkJarGrandpasMoonshineSchematic,drinkJarGrandpasAwesomeSauceSchematic,drinkJarGrandpasLearningElixirSchematic</append>
	<append xpath="progression/perks/perk[@name='perkMiner69r']/effect_group/passive_effect[contains(@tags, 'meleeToolRepairT1ClawHammer,meleeToolAxeT1IronFireaxe,meleeToolPickT1IronPickaxe,meleeToolShovelT1IronShovel')]/@tags">,meleeToolIronSetSchematic</append>
	<append xpath="progression/perks/perk[@name='perkBrawler']/effect_group/passive_effect[contains(@tags, 'meleeWpnKnucklesT1IronKnuckles')]/@tags">,meleeWpnKnucklesT1IronKnucklesSchematic</append>
	<append xpath="progression/perks/perk[@name='perkMachineGunner']/effect_group/passive_effect[contains(@tags, 'gunMGT1AK47')]/@tags">,gunMGT1AK47Schematic</append>
	<append xpath="progression/perks/perk[@name='perkLivingOffTheLand']/effect_group/passive_effect[contains(@tags, 'plantedAloe1,plantedChrysanthemum1,plantedGoldenrod1,plantedYucca1')]/@tags">,plantedYucca1Schematic,plantedGoldenrod1Schematic,plantedAloe1Schematic,plantedChrysanthemum1Schematic</append>
	<append xpath="progression/perks/perk[@name='perkLivingOffTheLand']/effect_group/passive_effect[contains(@tags, 'plantedBlueberry1,plantedCoffee1,plantedCorn1,plantedCotton1,plantedMushroom1,plantedPotato1,plantedHop1,plantedPumpkin1,plantedGraceCorn1')]/@tags">,plantedPumpkin1Schematic,plantedCoffee1Schematic,plantedPotato1Schematic,plantedMushroom1Schematic,plantedHop1Schematic,plantedBlueberry1Schematic,plantedGraceCorn1Schematic,plantedCorn1Schematic,plantedCotton1Schematic</append>
	<append xpath="progression/perks/perk[@name='perkArchery']/effect_group/passive_effect[contains(@tags, 'gunBowT1WoodenBow,gunBowT1IronCrossbow')]/@tags">,gunBowT1IronCrossbowSchematic,gunBowT1WoodenBowSchematic</append>
	<append xpath="progression/perks/perk[@name='perkGunslinger']/effect_group/passive_effect[contains(@tags, 'gunHandgunT1Pistol')]/@tags">,gunHandgunT1PistolSchematic</append>
	<append xpath="progression/perks/perk[@name='perkDeepCuts']/effect_group/passive_effect[contains(@tags, 'meleeWpnBladeT1HuntingKnife')]/@tags">,meleeWpnBladeT1HuntingKnifeSchematic</append>
	<append xpath="progression/perks/perk[@name='perkLightArmor']/effect_group/passive_effect[contains(@tags, 'armorLeatherHood,armorLeatherChest,armorLeatherGloves,armorLeatherPants,armorLeatherBoots')]/@tags">,armorLeatherSetSchematic</append>
	<append xpath="progression/perks/perk[@name='perkElectrocutioner']/effect_group/passive_effect[contains(@tags, 'meleeWpnBatonT2StunBaton')]/@tags">,meleeWpnBatonT2StunBatonSchematic</append>
	<append xpath="progression/perks/perk[@name='perkTurrets']/effect_group/passive_effect[contains(@tags, 'gunBotT1JunkSledge')]/@tags">,gunBotT1JunkSledgeSchematic</append>
	<append xpath="progression/perks/perk[@name='perkPhysician']/effect_group/passive_effect[contains(@tags, 'chemistryStation,medicalFirstAidBandage,medicalPlasterCast')]/@tags">,medicalFirstAidBandageSchematic,chemistryStationSchematic,medicalPlasterCastSchematic</append>
	<append xpath="progression/perks/perk[@name='perkPhysician']/effect_group/passive_effect[contains(@tags, 'drugPainkillers')]/@tags">,drugPainkillersSchematic</append>
	<append xpath="progression/perks/perk[@name='perkPhysician']/effect_group/passive_effect[contains(@tags, 'medicalFirstAidKit,drugSteroids')]/@tags">,medicalFirstAidKitSchematic,drugSteroidsSchematic</append>
	<append xpath="progression/perks/perk[@name='perkPhysician']/effect_group/passive_effect[contains(@tags, 'drugFortBites,drugRecog,drugAntibiotics')]/@tags">,drugRecogSchematic,drugFortBitesSchematic,drugAntibioticsSchematic</append>
	<append xpath="progression/perks/perk[@name='perkAdvancedEngineering']/effect_group/passive_effect[contains(@tags, 'forge')]/@tags">,forgeSchematic</append>
	<append xpath="progression/perks/perk[@name='perkAdvancedEngineering']/effect_group/passive_effect[contains(@tags, 'workbench,chemistryStation,cementMixer')]/@tags">,workbenchSchematic,chemistryStationSchematic,cementMixerSchematic</append>
	<append xpath="progression/perks/perk[@name='perkAdvancedEngineering']/effect_group/passive_effect[contains(@tags, 'resourceMilitaryFiber,generatorbank,electricwirerelay,switch,ceilingLight01_player,industrialLight01_player,industrialLight02_player,armorMiningHelmet,spotlightPlayer,speaker,pressureplate,pressureplateLong,dartTrap,electrictimerrelay,motionsensor,tripwirepost,electricfencepost,bladeTrap')]/@tags">,spotlightPlayerSchematic,switchSchematic,dartTrapSchematic,motionsensorSchematic,bladeTrapSchematic,armorMiningHelmetSchematic,generatorbankSchematic,pressureplateSchematic,resourceMilitaryFiberSchematic,electrictimerrelaySchematic,speakerSchematic,electricfencepostSchematic</append>
	<append xpath="progression/perks/perk[@name='perkAdvancedEngineering']/effect_group/passive_effect[contains(@tags, 'batterybank,shotgunTurret,meleeToolRepairT3Nailgun,garageDoorMetal_v1Powered,garageDoorIndustrial_Powered,metalReinforcedWoodDrawBridgePowered,vaultHatch_v3_Powered,vaultDoor03_Powered')]/@tags">,shotgunTurretSchematic,meleeToolRepairT3NailgunSchematic,batterybankSchematic,poweredDoorsSchematic</append>
	<append xpath="progression/perks/perk[@name='perkAdvancedEngineering']/effect_group/passive_effect[contains(@tags, 'toolForgeCrucible,autoTurret')]/@tags">,autoTurretSchematic,toolForgeCrucibleSchematic</append>
	<append xpath="progression/perks/perk[@name='perkGreaseMonkey']/effect_group/passive_effect[contains(@tags, 'vehicleWheels,vehicleBicycleChassis,vehicleBicycleHandlebars')]/@tags">,vehicleBicycleHandlebarsSchematic,vehicleBicycleChassisSchematic</append>
	<append xpath="progression/perks/perk[@name='perkGreaseMonkey']/effect_group/passive_effect[contains(@tags, 'carBattery,ammoGasCan,vehicleMinibikeChassis,vehicleMinibikeHandlebars')]/@tags">,ammoGasCanSchematic,vehicleMinibikeHandlebarsSchematic,vehicleMinibikeChassisSchematic,carBatterySchematic</append>
	<append xpath="progression/perks/perk[@name='perkGreaseMonkey']/effect_group/passive_effect[contains(@tags, 'resourceOil,vehicleMotorcycleChassis,vehicleMotorcycleHandlebars')]/@tags">,vehicleMotorcycleChassisSchematic,resourceOilSchematic,vehicleMotorcycleHandlebarsSchematic</append>
	<append xpath="progression/perks/perk[@name='perkGreaseMonkey']/effect_group/passive_effect[contains(@tags, 'ammoGasCanBundle,vehicle4x4TruckChassis,vehicle4x4TruckAccessories')]/@tags">,vehicle4x4TruckChassisSchematic,ammoGasCanBundleSchematic,vehicle4x4TruckAccessoriesSchematic</append>
	<append xpath="progression/perks/perk[@name='perkGreaseMonkey']/effect_group/passive_effect[contains(@tags, 'vehicleGyroCopterChassis,vehicleGyroCopterAccessories')]/@tags">,vehicleGyroCopterAccessoriesSchematic,vehicleGyroCopterChassisSchematic</append>
</configs>