<?xml version="1.0" encoding="UTF-8"?>
<configs>
	<append xpath="progression/perks/perk[@name='perkDeadEye']/effect_group/passive_effect[contains(@tags, 'gunHuntingRifle')]/@tags">,gunHuntingRifleSchematic</append>
	<append xpath="progression/perks/perk[@name='perkDemolitionsExpert']/effect_group/passive_effect[contains(@tags, 'thrownAmmoPipeBomb')]/@tags">,thrownAmmoPipeBombSchematic</append>
	<append xpath="progression/perks/perk[@name='perkDemolitionsExpert']/effect_group/passive_effect[contains(@tags, 'thrownDynamite')]/@tags">,thrownDynamiteSchematic</append>
	<append xpath="progression/perks/perk[@name='perkDemolitionsExpert']/effect_group/passive_effect[contains(@tags, 'thrownGrenade')]/@tags">,thrownGrenadeSchematic</append>
	<append xpath="progression/perks/perk[@name='perkDemolitionsExpert']/effect_group/passive_effect[contains(@tags, 'gunRocketLauncher,ammoRocketHE,ammoRocketFrag,resourceRocketTip,resourceRocketCasing')]/@tags">,gunRocketLauncherSchematic</append>
	<append xpath="progression/perks/perk[@name='perkDemolitionsExpert']/effect_group/passive_effect[contains(@tags, 'thrownGrenadeContact,thrownTimedCharge')]/@tags">,thrownGrenadeContactSchematic,thrownTimedChargeSchematic</append>
	<append xpath="progression/perks/perk[@name='perkJavelinMaster']/effect_group/passive_effect[contains(@tags, 'meleeThrownSpearIron')]/@tags">,meleeThrownSpearIronSchematic</append>
	<append xpath="progression/perks/perk[@name='perkLockPicking']/effect_group/passive_effect[contains(@tags, 'resourceLockPick')]/@tags">,resourceLockPickSchematic</append>
	<append xpath="progression/perks/perk[@name='perkSalvageOperations']/effect_group/passive_effect[contains(@tags, 'meleeToolWrench')]/@tags">,meleeToolWrenchSchematic</append>
	<append xpath="progression/perks/perk[@name='perkBoomstick']/effect_group/passive_effect[contains(@tags, 'gunDoubleBarrelShotgun')]/@tags">,gunDoubleBarrelShotgunSchematic</append>
	<append xpath="progression/perks/perk[@name='perkPummelPete']/effect_group/passive_effect[contains(@tags, 'meleeClubIron')]/@tags">,meleeClubIronSchematic</append>
	<append xpath="progression/perks/perk[@name='perkSkullCrusher']/effect_group/passive_effect[contains(@tags, 'meleeToolSledgehammerIron')]/@tags">,meleeToolSledgehammerIronSchematic</append>
	<append xpath="progression/perks/perk[@name='perkMasterChef']/effect_group/passive_effect[contains(@tags, 'foodBaconAndEggs,foodBoiledMeat,foodGrilledMeat,foodBakedPotato,foodCornBread,foodCornOnTheCob,drinkJarRedTea,drinkJarCoffee,drinkJarGoldenRodTea')]/@tags">,foodCornBreadSchematic,foodGrilledMeatSchematic,foodBaconAndEggsSchematic,foodBoiledMeatSchematic,foodBakedPotatoSchematic,foodCornOnTheCobSchematic,drinkJarCoffeeSchematic,drinkJarRedTeaSchematic,drinkJarGoldenRodTeaSchematic</append>
	<append xpath="progression/perks/perk[@name='perkMasterChef']/effect_group/passive_effect[contains(@tags, 'foodSteakAndPotato,foodBlueberryPie,foodMeatStew,foodVegetableStew,foodPumpkinPie,foodPumpkinCheesecake,foodPumpkinBread')]/@tags">,foodSteakAndPotatoSchematic,foodPumpkinCheesecakeSchematic,foodBlueberryPieSchematic,foodPumpkinBreadSchematic,foodMeatStewSchematic,foodVegetableStewSchematic,foodPumpkinPieSchematic</append>
	<append xpath="progression/perks/perk[@name='perkMasterChef']/effect_group/passive_effect[contains(@tags, 'foodShamChowder,foodHoboStew,foodFishTacos')]/@tags">,foodShamChowderSchematic,foodFishTacosSchematic,foodHoboStewSchematic</append>
	<append xpath="progression/perks/perk[@name='perkMasterChef']/effect_group/passive_effect[contains(@tags, 'drinkYuccaJuiceSmoothie,foodChiliDog,drinkJarBeer')]/@tags">,drinkJarBeerSchematic,foodChiliDogSchematic,drinkYuccaJuiceSmoothieSchematic</append>
	<append xpath="progression/perks/perk[@name='perkMasterChef']/effect_group/passive_effect[contains(@tags, 'drinkJarGrandpasMoonshine,drinkJarGrandpasAwesomeSauce,drinkJarGrandpasLearningElixir')]/@tags">,drinkJarGrandpasLearningElixirSchematic,drinkJarGrandpasMoonshineSchematic,drinkJarGrandpasAwesomeSauceSchematic</append>
	<append xpath="progression/perks/perk[@name='perkMiner69r']/effect_group/passive_effect[contains(@tags, 'meleeToolClawHammer,meleeToolFireaxeIron,meleeToolPickaxeIron,meleeToolShovelIron')]/@tags">,meleeToolIronSetSchematic</append>
	<append xpath="progression/perks/perk[@name='perkBrawler']/effect_group/passive_effect[contains(@tags, 'meleeKnucklesIron')]/@tags">,meleeKnucklesIronSchematic</append>
	<append xpath="progression/perks/perk[@name='perkMachineGunner']/effect_group/passive_effect[contains(@tags, 'gunAK47')]/@tags">,gunAK47Schematic</append>
	<append xpath="progression/perks/perk[@name='perkHeavyArmor']/effect_group/passive_effect[contains(@tags, 'armorIronHelmet,armorIronChest,armorIronGloves,armorIronLegs,armorIronBoots')]/@tags">,armorIronSetSchematic</append>
	<append xpath="progression/perks/perk[@name='perkLivingOffTheLand']/effect_group/passive_effect[contains(@tags, 'plantedAloe1,plantedChrysanthemum1,plantedGoldenrod1,plantedYucca1')]/@tags">,plantedGoldenrod1Schematic,plantedAloe1Schematic,plantedYucca1Schematic,plantedChrysanthemum1Schematic</append>
	<append xpath="progression/perks/perk[@name='perkLivingOffTheLand']/effect_group/passive_effect[contains(@tags, 'plantedBlueberry1,plantedCoffee1,plantedCorn1,plantedCotton1,plantedMushroom1,plantedPotato1,plantedHop1,plantedPumpkin1')]/@tags">,plantedHop1Schematic,plantedPotato1Schematic,plantedCoffee1Schematic,plantedCotton1Schematic,plantedCorn1Schematic,plantedPumpkin1Schematic,plantedMushroom1Schematic,plantedBlueberry1Schematic</append>
	<append xpath="progression/perks/perk[@name='perkLivingOffTheLand']/effect_group/passive_effect[contains(@tags, 'plantedGraceCorn1')]/@tags">,plantedGraceCorn1Schematic</append>
	<append xpath="progression/perks/perk[@name='perkArchery']/effect_group/passive_effect[contains(@tags, 'gunBowWooden,gunCrossbowIron')]/@tags">,gunCrossbowIronSchematic,gunBowWoodenSchematic</append>
	<append xpath="progression/perks/perk[@name='perkGunslinger']/effect_group/passive_effect[contains(@tags, 'gunPistol')]/@tags">,gunPistolSchematic</append>
	<append xpath="progression/perks/perk[@name='perkDeepCuts']/effect_group/passive_effect[contains(@tags, 'meleeToolKnifeIron')]/@tags">,meleeToolKnifeIronSchematic</append>
	<append xpath="progression/perks/perk[@name='perkLightArmor']/effect_group/passive_effect[contains(@tags, 'armorLeatherHood,armorLeatherChest,armorLeatherGloves,armorLeatherPants,armorLeatherBoots')]/@tags">,armorLeatherSetSchematic</append>
	<append xpath="progression/perks/perk[@name='perkElectrocutioner']/effect_group/passive_effect[contains(@tags, 'meleeStunBaton')]/@tags">,meleeStunBatonSchematic</append>
	<append xpath="progression/perks/perk[@name='perkTurrets']/effect_group/passive_effect[contains(@tags, 'gunJunkTurret')]/@tags">,gunJunkTurretSchematic</append>
	<append xpath="progression/perks/perk[@name='perkAdvancedEngineering']/effect_group/passive_effect[contains(@tags, 'forge')]/@tags">,forgeSchematic</append>
	<append xpath="progression/perks/perk[@name='perkAdvancedEngineering']/effect_group/passive_effect[contains(@tags, 'workbench,tableSaw,cementMixer')]/@tags">,cementMixerSchematic,tableSawSchematic,workbenchSchematic</append>
	<append xpath="progression/perks/perk[@name='perkAdvancedEngineering']/effect_group/passive_effect[contains(@tags, 'generatorbank,electricwirerelay,switch,ceilingLight01_player,industrialLight01_player,industrialLight02_player,armorMiningHelmet,spotlightPlayer,speaker,pressureplate,pressureplateLong,dartTrap,electrictimerrelay,motionsensor,tripwirepost,electricfencepost,bladeTrap')]/@tags">,armorMiningHelmetSchematic,electrictimerrelaySchematic,electricfencepostSchematic,generatorbankSchematic,dartTrapSchematic,speakerSchematic,motionsensorSchematic,pressureplateSchematic,bladeTrapSchematic,switchSchematic,spotlightPlayerSchematic</append>
	<append xpath="progression/perks/perk[@name='perkAdvancedEngineering']/effect_group/passive_effect[contains(@tags, 'batterybank,shotgunTurret,gunToolNailgun,meleeToolAuger,meleeToolChainsaw,garageDoorMetal_v1Powered,garageDoorIndustrial_Powered,metalReinforcedWoodDrawBridgePowered,vaultHatch_v3_Powered,vaultDoor03_Powered')]/@tags">,batterybankSchematic,meleeToolAugerSchematic,shotgunTurretSchematic,meleeToolChainsawSchematic,gunToolNailgunSchematic,poweredDoorsSchematic</append>
	<append xpath="progression/perks/perk[@name='perkAdvancedEngineering']/effect_group/passive_effect[contains(@tags, 'toolForgeCrucible,autoTurret')]/@tags">,autoTurretSchematic,toolForgeCrucibleSchematic</append>
	<append xpath="progression/perks/perk[@name='perkGreaseMonkey']/effect_group/passive_effect[contains(@tags, 'vehicleWheels,vehicleBicycleChassis,vehicleBicycleHandlebars')]/@tags">,vehicleBicycleHandlebarsSchematic,vehicleBicycleChassisSchematic</append>
	<append xpath="progression/perks/perk[@name='perkGreaseMonkey']/effect_group/passive_effect[contains(@tags, 'vehicleMinibikeChassis,vehicleMinibikeHandlebars')]/@tags">,vehicleMinibikeChassisSchematic,vehicleMinibikeHandlebarsSchematic</append>
	<append xpath="progression/perks/perk[@name='perkGreaseMonkey']/effect_group/passive_effect[contains(@tags, 'vehicleMotorcycleChassis,vehicleMotorcycleHandlebars')]/@tags">,vehicleMotorcycleHandlebarsSchematic,vehicleMotorcycleChassisSchematic</append>
	<append xpath="progression/perks/perk[@name='perkGreaseMonkey']/effect_group/passive_effect[contains(@tags, 'vehicle4x4TruckChassis,vehicle4x4TruckAccessories')]/@tags">,vehicle4x4TruckAccessoriesSchematic,vehicle4x4TruckChassisSchematic</append>
	<append xpath="progression/perks/perk[@name='perkGreaseMonkey']/effect_group/passive_effect[contains(@tags, 'vehicleGyroCopterChassis,vehicleGyroCopterAccessories')]/@tags">,vehicleGyroCopterAccessoriesSchematic,vehicleGyroCopterChassisSchematic</append>
	<append xpath="progression/perks/perk[@name='perkYeahScience']/effect_group/passive_effect[contains(@tags, 'chemistryStation,resourceGunPowderBundle')]/@tags">,chemistryStationSchematic,resourceGunPowderBundleSchematic</append>
	<append xpath="progression/perks/perk[@name='perkYeahScience']/effect_group/passive_effect[contains(@tags, 'medicalFirstAidBandage,medicalPlasterCast,mineCookingPot,rScrapIronPlateMine,ammoGasCan,ammoGasCanBundle,resourceOil')]/@tags">,resourceOilSchematic,rScrapIronPlateMineSchematic,mineCookingPotSchematic,ammoGasCanBundleSchematic,medicalPlasterCastSchematic,medicalFirstAidBandageSchematic,ammoGasCanSchematic</append>
	<append xpath="progression/perks/perk[@name='perkYeahScience']/effect_group/passive_effect[contains(@tags, 'medicalFirstAidKit,drugSteroids,resourceMilitaryFiber,mineHubcap')]/@tags">,medicalFirstAidKitSchematic,resourceMilitaryFiberSchematic,mineHubcapSchematic,drugSteroidsSchematic</append>
	<append xpath="progression/perks/perk[@name='perkYeahScience']/effect_group/passive_effect[contains(@tags, 'drugAntibiotics,carBattery,mineAirFilter')]/@tags">,carBatterySchematic,drugAntibioticsSchematic,mineAirFilterSchematic</append>
	<append xpath="progression/perks/perk[@name='perkYeahScience']/effect_group/passive_effect[contains(@tags, 'drugFortBites,drugRecog')]/@tags">,drugFortBitesSchematic,drugRecogSchematic</append>
</configs>