<?xml version="1.0" encoding="UTF-8"?>
<configs>
    <append xpath="/items">
        <item name="ygPVMaterial">
            <property name="Meshfile" value="Items/Misc/sackPrefab"/>
            <property name="DropMeshfile" value="Items/Misc/sack_droppedPrefab"/>
            <property name="Material" value="Mglass"/>
            <property name="Stacknumber" value="10"/>
            <property name="HoldType" value="45"/>
            <property name="Weight" value="10"/>
            <property name="EconomicValue" value="3000"/>
            <property name="Group" value="Resources"/>
            <property name="CustomIcon" value="solarCell"/>
            <property name="CustomIconTint" value="2d2d2d"/>
            <property name="UnlockedBy" value="ygSolarCraftingSchematic"/>
            <property name="DescriptionKey" value="Photovoltaic(PV) material used in the construction of solar cells."/>
            <property name="Description" value="PV Material"/>
        </item>
        <item name="ygSolarCraftingSchematic">
            <property name="Extends" value="schematicMaster"/>
            <property name="CreativeMode" value="Player"/>
            <property name="CustomIcon" value="solarbank"/>
            <property name="Unlocks" value="solarbank"/>
            <property name="DescriptionKey" value="Unlocks crafting recipes for PV material, electronic parts, solar cells, and solar banks"/>
            <effect_group tiered="false">
                <triggered_effect trigger="onSelfPrimaryActionEnd" action="ModifyCVar" cvar="ygPVMaterial" operation="set" value="1"/>
                <triggered_effect trigger="onSelfPrimaryActionEnd" action="ModifyCVar" cvar="solarbank" operation="set" value="1"/>
                <triggered_effect trigger="onSelfPrimaryActionEnd" action="ModifyCVar" cvar="solarCell" operation="set" value="1"/>
                <triggered_effect trigger="onSelfPrimaryActionEnd" action="ModifyCVar" cvar="resourceElectronicParts" operation="set" value="1"/>
                <triggered_effect trigger="onSelfPrimaryActionEnd" action="GiveExp" exp="50"/>
            </effect_group>
        </item>
    </append>
</configs>