<?xml version="1.0" encoding="UTF-8"?>
<configs>
	<set xpath="/items/item[@name='meleeBoneShiv']/effect_group[@name='Base Effects']/passive_effect[@name='EntityDamage'][@operation='base_set']/@value">480</set>
	<set xpath="/items/item[@name='meleeCandyCaneShiv']/effect_group[@name='Base Effects']/passive_effect[@name='EntityDamage'][@operation='base_set']/@value">480</set>
	<set xpath="/items/item[@name='meleeToolHuntingKnife']/effect_group[@name='Base Effects']/passive_effect[@name='EntityDamage'][@operation='base_set']/@value">390</set>
	<set xpath="/items/item[@name='meleeToolFlashlight02']/effect_group[@name='Base Effects']/passive_effect[@name='EntityDamage'][@operation='base_set']/@value">300</set>
	<set xpath="/items/item[@name='meleeToolClawHammer']/effect_group[@name='Base Effects']/passive_effect[@name='EntityDamage'][@operation='base_set']/@value">270</set>
	<set xpath="/items/item[@name='meleeToolStoneAxe']/effect_group[@name='Base Effects']/passive_effect[@name='EntityDamage'][@operation='base_set']/@value">300</set>
	<set xpath="/items/item[@name='meleeToolStoneAxeTazas']/effect_group[@name='Base Effects']/passive_effect[@name='EntityDamage'][@operation='base_set']/@value">360</set>
	<set xpath="/items/item[@name='meleeClubWood']/effect_group[@name='Base Effects']/passive_effect[@name='EntityDamage'][@operation='base_set']/@value">480</set>
	<set xpath="/items/item[@name='meleeClubIron']/effect_group[@name='Base Effects']/passive_effect[@name='EntityDamage'][@operation='base_set']/@value">630</set>
	<set xpath="/items/item[@name='meleeCandyCaneClub']/effect_group[@name='Base Effects']/passive_effect[@name='EntityDamage'][@operation='base_set']/@value">645</set>
	<set xpath="/items/item[@name='meleeToolTorch']/effect_group[@name='Base Effects']/passive_effect[@name='EntityDamage'][@operation='base_set']/@value">360</set>
	<set xpath="/items/item[@name='meleeToolMachete']/effect_group[@name='Base Effects']/passive_effect[@name='EntityDamage'][@operation='base_set']/@value">600</set>
	<set xpath="/items/item[@name='meleeToolPickaxeIron']/effect_group[@name='Base Effects']/passive_effect[@name='EntityDamage'][@operation='base_set']/@value">510</set>
	<set xpath="/items/item[@name='meleeToolWrench']/effect_group[@name='Base Effects']/passive_effect[@name='EntityDamage'][@operation='base_set']/@value">375</set>
	<set xpath="/items/item[@name='meleeToolShovelStone']/effect_group[@name='Base Effects']/passive_effect[@name='EntityDamage'][@operation='base_set']/@value">330</set>
	<set xpath="/items/item[@name='meleeToolShovelIron']/effect_group[@name='Base Effects']/passive_effect[@name='EntityDamage'][@operation='base_set']/@value">390</set>
	<set xpath="/items/item[@name='meleeToolShovelSteel']/effect_group[@name='Base Effects']/passive_effect[@name='EntityDamage'][@operation='base_set']/@value">480</set>
	<set xpath="/items/item[@name='meleeToolSledgehammer']/effect_group[@name='Base Effects']/passive_effect[@name='EntityDamage'][@operation='base_set']/@value">1260</set>
	<set xpath="/items/item[@name='meleeToolFireaxeIron']/effect_group[@name='Base Effects']/passive_effect[@name='EntityDamage'][@operation='base_set']/@value">780</set>
	<set xpath="/items/item[@name='meleeToolFireaxeSteel']/effect_group[@name='Base Effects']/passive_effect[@name='EntityDamage'][@operation='base_set']/@value">900</set>
	<set xpath="/items/item[@name='meleeToolPickaxeSteel']/effect_group[@name='Base Effects']/passive_effect[@name='EntityDamage'][@operation='base_set']/@value">660</set>
	<set xpath="/items/item[@name='meleeToolHoeIron']/effect_group[@name='Base Effects']/passive_effect[@name='EntityDamage'][@operation='base_set']/@value">300</set>
	<set xpath="/items/item[@name='meleeToolChainsaw']/effect_group[@name='Base Effects']/passive_effect[@name='EntityDamage'][@operation='base_set']/@value">150</set>
	<set xpath="/items/item[@name='meleeToolAuger']/effect_group[@name='Base Effects']/passive_effect[@name='EntityDamage'][@operation='base_set']/@value">105</set>
	<set xpath="/items/item[@name='meleeHandPlayer']/effect_group[@name='Base Effects']/passive_effect[@name='EntityDamage'][@operation='base_set']/@value">210</set>
	<set xpath="/items/item[@name='handPlayer']/effect_group[@name='Base Effects']/passive_effect[@name='EntityDamage'][@operation='base_set']/@value">150</set>
	<set xpath="/items/item[@name='ammo9mmBullet']/effect_group[@name='Base Effects']/passive_effect[@name='EntityDamage'][@operation='base_set']/@value">960</set>
	<set xpath="/items/item[@name='ammo9mmBulletJHP']/effect_group[@name='Base Effects']/passive_effect[@name='EntityDamage'][@operation='base_set']/@value">1050</set>
	<set xpath="/items/item[@name='ammo9mmBulletSteel']/effect_group[@name='Base Effects']/passive_effect[@name='EntityDamage'][@operation='base_set']/@value">870</set>
	<set xpath="/items/item[@name='ammo44MagnumBullet']/effect_group[@name='Base Effects']/passive_effect[@name='EntityDamage'][@operation='base_set']/@value">2400</set>
	<set xpath="/items/item[@name='ammo44MagnumBulletAP']/effect_group[@name='Base Effects']/passive_effect[@name='EntityDamage'][@operation='base_set']/@value">2400</set>
	<set xpath="/items/item[@name='ammo44MagnumBulletSteel']/effect_group[@name='Base Effects']/passive_effect[@name='EntityDamage'][@operation='base_set']/@value">2280</set>
	<set xpath="/items/item[@name='ammo762mmBulletFMJ']/effect_group[@name='Base Effects']/passive_effect[@name='EntityDamage'][@operation='base_set']/@value">1500</set>
	<set xpath="/items/item[@name='ammo762mmBulletAP']/effect_group[@name='Base Effects']/passive_effect[@name='EntityDamage'][@operation='base_set']/@value">1500</set>
	<set xpath="/items/item[@name='ammo762mmBulletFMJSteel']/effect_group[@name='Base Effects']/passive_effect[@name='EntityDamage'][@operation='base_set']/@value">1380</set>
	<set xpath="/items/item[@name='ammoShotgunShell']/effect_group[@name='Base Effects']/passive_effect[@name='EntityDamage'][@operation='base_set']/@value">360</set>
	<set xpath="/items/item[@name='ammoShotgunSlug']/effect_group[@name='Base Effects']/passive_effect[@name='EntityDamage'][@operation='base_set']/@value">2400</set>
	<set xpath="/items/item[@name='ammoBlunderbuss']/effect_group[@name='Base Effects']/passive_effect[@name='EntityDamage'][@operation='base_set']/@value">330</set>
	<set xpath="/items/item[@name='ammoRocketHE']/effect_group[@name='Base Effects']/passive_effect[@name='EntityDamage'][@operation='base_set']/@value">10500</set>
	<set xpath="/items/item[@name='ammoRocketFrag']/effect_group[@name='Base Effects']/passive_effect[@name='EntityDamage'][@operation='base_set']/@value">10500</set>
	<set xpath="/items/item[@name='ammoArrowStone']/effect_group[@name='Base Effects']/passive_effect[@name='EntityDamage'][@operation='base_set']/@value">750</set>
	<set xpath="/items/item[@name='ammoArrowIron']/effect_group[@name='Base Effects']/passive_effect[@name='EntityDamage'][@operation='base_set']/@value">840</set>
	<set xpath="/items/item[@name='ammoArrowSteelAP']/effect_group[@name='Base Effects']/passive_effect[@name='EntityDamage'][@operation='base_set']/@value">930</set>
	<set xpath="/items/item[@name='ammoArrowFlaming']/effect_group[@name='Base Effects']/passive_effect[@name='EntityDamage'][@operation='base_set']/@value">840</set>
	<set xpath="/items/item[@name='ammoCrossbowBoltStone']/effect_group[@name='Base Effects']/passive_effect[@name='EntityDamage'][@operation='base_set']/@value">840</set>
	<set xpath="/items/item[@name='ammoCrossbowBoltIron']/effect_group[@name='Base Effects']/passive_effect[@name='EntityDamage'][@operation='base_set']/@value">1020</set>
	<set xpath="/items/item[@name='ammoCrossbowBoltSteelAP']/effect_group[@name='Base Effects']/passive_effect[@name='EntityDamage'][@operation='base_set']/@value">1200</set>
	<set xpath="/items/item[@name='ammoCrossbowBoltExploding']/effect_group[@name='Base Effects']/passive_effect[@name='EntityDamage'][@operation='base_set']/@value">900</set>
	<set xpath="/items/item[@name='ammoDartSteel']/effect_group[@name='Base Effects']/passive_effect[@name='EntityDamage'][@operation='base_set']/@value">1350</set>
	<set xpath="/items/item[@name='resourceNail']/effect_group[@name='Base Effects']/passive_effect[@name='EntityDamage'][@operation='base_set']/@value">150</set>
</configs>