<?xml version="1.0" encoding="UTF-8"?>
<configs>
	<append xpath="progression/perks/perk[@name='perkDeadEye']/effect_group/passive_effect[@tags='gunHuntingRifle']/@tags">,gunHuntingRifleSchematic</append>
	<append xpath="progression/perks/perk[@name='perkDemolitionsExpert']/effect_group/passive_effect[@tags='thrownAmmoPipeBomb']/@tags">,thrownAmmoPipeBombSchematic</append>
	<append xpath="progression/perks/perk[@name='perkDemolitionsExpert']/effect_group/passive_effect[@tags='thrownDynamite']/@tags">,thrownDynamiteSchematic</append>
	<append xpath="progression/perks/perk[@name='perkDemolitionsExpert']/effect_group/passive_effect[@tags='thrownGrenade']/@tags">,thrownGrenadeSchematic</append>
	<append xpath="progression/perks/perk[@name='perkDemolitionsExpert']/effect_group/passive_effect[@tags='gunRocketLauncher,ammoRocketHE,ammoRocketFrag,resourceRocketTip,resourceRocketCasing']/@tags">,gunRocketLauncherSchematic</append>
	<append xpath="progression/perks/perk[@name='perkDemolitionsExpert']/effect_group/passive_effect[@tags='thrownGrenadeContact,thrownTimedCharge']/@tags">,thrownTimedChargeSchematic,thrownGrenadeContactSchematic</append>
	<append xpath="progression/perks/perk[@name='perkJavelinMaster']/effect_group/passive_effect[@tags='meleeThrownSpearIron']/@tags">,meleeThrownSpearIronSchematic</append>
	<append xpath="progression/perks/perk[@name='perkLockPicking']/effect_group/passive_effect[@tags='resourceLockPick']/@tags">,resourceLockPickSchematic</append>
	<append xpath="progression/perks/perk[@name='perkSalvageOperations']/effect_group/passive_effect[@tags='meleeToolWrench']/@tags">,meleeToolWrenchSchematic</append>
	<append xpath="progression/perks/perk[@name='perkBoomstick']/effect_group/passive_effect[@tags='gunDoubleBarrelShotgun']/@tags">,gunDoubleBarrelShotgunSchematic</append>
	<append xpath="progression/perks/perk[@name='perkPummelPete']/effect_group/passive_effect[@tags='meleeClubIron']/@tags">,meleeClubIronSchematic</append>
	<append xpath="progression/perks/perk[@name='perkSkullCrusher']/effect_group/passive_effect[@tags='meleeToolSledgehammerIron']/@tags">,meleeToolSledgehammerIronSchematic</append>
	<append xpath="progression/perks/perk[@name='perkMasterChef']/effect_group/passive_effect[@tags='foodBaconAndEggs,foodBoiledMeat,foodGrilledMeat,foodBakedPotato,foodCornBread,foodCornOnTheCob,drinkJarRedTea,drinkJarCoffee,drinkJarGoldenRodTea']/@tags">,drinkJarGoldenRodTeaSchematic,foodBaconAndEggsSchematic,foodGrilledMeatSchematic,foodBoiledMeatSchematic,drinkJarRedTeaSchematic,foodCornBreadSchematic,drinkJarCoffeeSchematic,foodCornOnTheCobSchematic,foodBakedPotatoSchematic</append>
	<append xpath="progression/perks/perk[@name='perkMasterChef']/effect_group/passive_effect[@tags='foodSteakAndPotato,foodBlueberryPie,foodMeatStew,foodVegetableStew,foodPumpkinPie,foodPumpkinCheesecake,foodPumpkinBread']/@tags">,foodBlueberryPieSchematic,foodPumpkinCheesecakeSchematic,foodPumpkinPieSchematic,foodSteakAndPotatoSchematic,foodVegetableStewSchematic,foodMeatStewSchematic,foodPumpkinBreadSchematic</append>
	<append xpath="progression/perks/perk[@name='perkMasterChef']/effect_group/passive_effect[@tags='foodShamChowder,foodHoboStew,foodFishTacos']/@tags">,foodShamChowderSchematic,foodHoboStewSchematic,foodFishTacosSchematic</append>
	<append xpath="progression/perks/perk[@name='perkMasterChef']/effect_group/passive_effect[@tags='drinkYuccaJuiceSmoothie,foodChiliDog,drinkJarBeer']/@tags">,drinkYuccaJuiceSmoothieSchematic,drinkJarBeerSchematic,foodChiliDogSchematic</append>
	<append xpath="progression/perks/perk[@name='perkMasterChef']/effect_group/passive_effect[@tags='drinkJarGrandpasMoonshine,drinkJarGrandpasAwesomeSauce,drinkJarGrandpasLearningElixir']/@tags">,drinkJarGrandpasMoonshineSchematic,drinkJarGrandpasAwesomeSauceSchematic,drinkJarGrandpasLearningElixirSchematic</append>
	<append xpath="progression/perks/perk[@name='perkMiner69r']/effect_group/passive_effect[@tags='meleeToolClawHammer,meleeToolFireaxeIron,meleeToolPickaxeIron,meleeToolShovelIron']/@tags">,meleeToolIronSetSchematic</append>
	<append xpath="progression/perks/perk[@name='perkBrawler']/effect_group/passive_effect[@tags='meleeKnucklesIron']/@tags">,meleeKnucklesIronSchematic</append>
	<append xpath="progression/perks/perk[@name='perkMachineGunner']/effect_group/passive_effect[@tags='gunAK47']/@tags">,gunAK47Schematic</append>
	<append xpath="progression/perks/perk[@name='perkHeavyArmor']/effect_group/passive_effect[@tags='armorIronHelmet,armorIronChest,armorIronGloves,armorIronLegs,armorIronBoots']/@tags">,armorIronSetSchematic</append>
	<append xpath="progression/perks/perk[@name='perkLivingOffTheLand']/effect_group/passive_effect[@tags='plantedAloe1,plantedChrysanthemum1,plantedGoldenrod1,plantedYucca1']/@tags">,plantedYucca1Schematic,plantedGoldenrod1Schematic,plantedChrysanthemum1Schematic,plantedAloe1Schematic</append>
	<append xpath="progression/perks/perk[@name='perkLivingOffTheLand']/effect_group/passive_effect[@tags='plantedBlueberry1,plantedCoffee1,plantedCorn1,plantedCotton1,plantedMushroom1,plantedPotato1,plantedHop1,plantedPumpkin1']/@tags">,plantedMushroom1Schematic,plantedCoffee1Schematic,plantedPumpkin1Schematic,plantedCotton1Schematic,plantedCorn1Schematic,plantedPotato1Schematic,plantedBlueberry1Schematic,plantedHop1Schematic</append>
	<append xpath="progression/perks/perk[@name='perkLivingOffTheLand']/effect_group/passive_effect[@tags='plantedGraceCorn1']/@tags">,plantedGraceCorn1Schematic</append>
	<append xpath="progression/perks/perk[@name='perkArchery']/effect_group/passive_effect[@tags='gunBowWooden,gunCrossbowIron']/@tags">,gunBowWoodenSchematic,gunCrossbowIronSchematic</append>
	<append xpath="progression/perks/perk[@name='perkGunslinger']/effect_group/passive_effect[@tags='gunPistol']/@tags">,gunPistolSchematic</append>
	<append xpath="progression/perks/perk[@name='perkDeepCuts']/effect_group/passive_effect[@tags='meleeToolKnifeIron']/@tags">,meleeToolKnifeIronSchematic</append>
	<append xpath="progression/perks/perk[@name='perkLightArmor']/effect_group/passive_effect[@tags='armorLeatherHood,armorLeatherChest,armorLeatherGloves,armorLeatherPants,armorLeatherBoots']/@tags">,armorLeatherSetSchematic</append>
	<append xpath="progression/perks/perk[@name='perkElectrocutioner']/effect_group/passive_effect[@tags='meleeStunBaton']/@tags">,meleeStunBatonSchematic</append>
	<append xpath="progression/perks/perk[@name='perkTurrets']/effect_group/passive_effect[@tags='gunJunkTurret']/@tags">,gunJunkTurretSchematic</append>
	<append xpath="progression/perks/perk[@name='perkAdvancedEngineering']/effect_group/passive_effect[@tags='forge']/@tags">,forgeSchematic</append>
	<append xpath="progression/perks/perk[@name='perkAdvancedEngineering']/effect_group/passive_effect[@tags='workbench,tableSaw,cementMixer']/@tags">,workbenchSchematic,cementMixerSchematic,tableSawSchematic</append>
	<append xpath="progression/perks/perk[@name='perkAdvancedEngineering']/effect_group/passive_effect[@tags='generatorbank,electricwirerelay,switch,ceilingLight01_player,industrialLight01_player,industrialLight02_player,armorMiningHelmet,spotlightPlayer,speaker,pressureplate,pressureplateLong,dartTrap,electrictimerrelay,motionsensor,tripwirepost,electricfencepost,bladeTrap']/@tags">,armorMiningHelmetSchematic,spotlightPlayerSchematic,speakerSchematic,dartTrapSchematic,bladeTrapSchematic,pressureplateSchematic,electricfencepostSchematic,motionsensorSchematic,generatorbankSchematic,electrictimerrelaySchematic,switchSchematic</append>
	<append xpath="progression/perks/perk[@name='perkAdvancedEngineering']/effect_group/passive_effect[@tags='batterybank,shotgunTurret,gunToolNailgun,meleeToolAuger,meleeToolChainsaw,garageDoorMetal_v1Powered,garageDoorIndustrial_Powered,metalReinforcedWoodDrawBridgePowered,vaultHatch_v3_Powered,vaultDoor03_Powered']/@tags">,meleeToolAugerSchematic,shotgunTurretSchematic,meleeToolChainsawSchematic,batterybankSchematic,gunToolNailgunSchematic,poweredDoorsSchematic</append>
	<append xpath="progression/perks/perk[@name='perkAdvancedEngineering']/effect_group/passive_effect[@tags='toolForgeCrucible,autoTurret']/@tags">,autoTurretSchematic,toolForgeCrucibleSchematic</append>
	<append xpath="progression/perks/perk[@name='perkGreaseMonkey']/effect_group/passive_effect[@tags='vehicleWheels,vehicleBicycleChassis,vehicleBicycleHandlebars']/@tags">,vehicleBicycleChassisSchematic,vehicleBicycleHandlebarsSchematic</append>
	<append xpath="progression/perks/perk[@name='perkGreaseMonkey']/effect_group/passive_effect[@tags='vehicleMinibikeChassis,vehicleMinibikeHandlebars']/@tags">,vehicleMinibikeHandlebarsSchematic,vehicleMinibikeChassisSchematic</append>
	<append xpath="progression/perks/perk[@name='perkGreaseMonkey']/effect_group/passive_effect[@tags='vehicleMotorcycleChassis,vehicleMotorcycleHandlebars']/@tags">,vehicleMotorcycleHandlebarsSchematic,vehicleMotorcycleChassisSchematic</append>
	<append xpath="progression/perks/perk[@name='perkGreaseMonkey']/effect_group/passive_effect[@tags='vehicle4x4TruckChassis,vehicle4x4TruckAccessories']/@tags">,vehicle4x4TruckAccessoriesSchematic,vehicle4x4TruckChassisSchematic</append>
	<append xpath="progression/perks/perk[@name='perkGreaseMonkey']/effect_group/passive_effect[@tags='vehicleGyroCopterChassis,vehicleGyroCopterAccessories']/@tags">,vehicleGyroCopterAccessoriesSchematic,vehicleGyroCopterChassisSchematic</append>
	<append xpath="progression/perks/perk[@name='perkYeahScience']/effect_group/passive_effect[@tags='chemistryStation,resourceGunPowderBundle']/@tags">,chemistryStationSchematic,resourceGunPowderBundleSchematic</append>
	<append xpath="progression/perks/perk[@name='perkYeahScience']/effect_group/passive_effect[@tags='medicalFirstAidBandage,medicalPlasterCast,mineCookingPot,rScrapIronPlateMine,ammoGasCan,ammoGasCanBundle,resourceOil']/@tags">,resourceOilSchematic,medicalFirstAidBandageSchematic,ammoGasCanSchematic,ammoGasCanBundleSchematic,rScrapIronPlateMineSchematic,mineCookingPotSchematic,medicalPlasterCastSchematic</append>
	<append xpath="progression/perks/perk[@name='perkYeahScience']/effect_group/passive_effect[@tags='medicalFirstAidKit,drugSteroids,resourceMilitaryFiber,mineHubcap']/@tags">,mineHubcapSchematic,resourceMilitaryFiberSchematic,drugSteroidsSchematic,medicalFirstAidKitSchematic</append>
	<append xpath="progression/perks/perk[@name='perkYeahScience']/effect_group/passive_effect[@tags='drugAntibiotics,carBattery,mineAirFilter']/@tags">,carBatterySchematic,mineAirFilterSchematic,drugAntibioticsSchematic</append>
	<append xpath="progression/perks/perk[@name='perkYeahScience']/effect_group/passive_effect[@tags='drugFortBites,drugRecog']/@tags">,drugFortBitesSchematic,drugRecogSchematic</append>
</configs>