<?xml version="1.0" encoding="UTF-8"?>
<configs>
	<append xpath="/items">
		<item name="Condensed Iron">
			<property name="HoldType" value="45"/>
			<property name="Meshfile" value="Items/Misc/sackPrefab"/>
			<property name="DropMeshfile" value="Items/Misc/sack_droppedPrefab"/>
			<property name="Material" value="MresourceScrapIron"/>
			<property name="Weight" value="100"/>
			<property name="Stacknumber" value="1000"/> <!-- STK resource -->
			<property name="Group" value="Resources"/>
			<property name="CraftingIngredientTime" value="0.001"/>
			<property name="CustomIcon" value="resourceScrapIron"/>
			<property name="CustomIconTint" value="ff0000"/>
			<property name="DescriptionKey" value="A condensed form of iron made from 100 units of scrap iron. Smelts extremely quickly."
			<property name="MeltTimePerUnit" value="0.01"/>
			<property name="SellableToTrader" value="false"/>
		</item>
		<item name="Condensed Stone">
			<property name="HoldType" value="40"/>
			<property name="Meshfile" value="Items/Crafting/rock_smallPrefab"/>
			<property name="DropScale" value="6"/>
			<property name="Material" value="MresourceRockSmall"/>
			<property name="Stacknumber" value="1000"/> <!-- STK resource -->
			<property name="Weight" value="100"/>
			<property name="Group" value="Resources"/>
			<property name="CustomIcon" value="resourceRockSmall"/>
			<property name="CustomIconTint" value="ff0000"/>
			<property name="DescriptionKey" value="A condensed form of rock made from 20 small stones. Smelts extremely quickly."/>
			<property name="MeltTimePerUnit" value="0.01"/>
			<property name="SellableToTrader" value="false"/>
		</item>
		<item name="Condensed Brass">
			<property name="HoldType" value="45"/>
			<property name="Meshfile" value="Items/Misc/sackPrefab"/>
			<property name="DropMeshfile" value="Items/Misc/sack_droppedPrefab"/>
			<property name="Material" value="MresourceScrapBrassSmall"/>
			<property name="Stacknumber" value="1000"/> <!-- STK resource -->
			<property name="Weight" value="100"/>
			<property name="Group" value="Resources"/>
			<property name="CustomIcon" value="resourceScrapBrass"/>
			<property name="CustomIconTint" value="ff0000"/>
			<property name="DescriptionKey" value="A condensed form of brass made from 100 units of scrap brass. Smelts extremely quickly."/>
			<property name="MeltTimePerUnit" value="0.01"/>
			<property name="SellableToTrader" value="false"/>
		</item>
		<item name="Condensed Lead">
			<property name="HoldType" value="45"/>
			<property name="Meshfile" value="Items/Misc/sackPrefab"/>
			<property name="DropMeshfile" value="Items/Misc/sack_droppedPrefab"/>
			<property name="Material" value="MresourceScrapLeadSmall"/>
			<property name="Stacknumber" value="1000"/> <!-- STK resource -->
			<property name="Weight" value="100"/>
			<property name="Group" value="Resources"/>
			<property name="CustomIcon" value="resourceScrapLead"/>
			<property name="CustomIconTint" value="ff0000"/>
			<property name="DescriptionKey" value="A condensed form of lead made from 100 units of scrap lead. Smelts extremely quickly."/>
			<property name="MeltTimePerUnit" value="0.01"/>
			<property name="SellableToTrader" value="false"/>
		</item>
		<item name="Condensed Glass">
			<property name="HoldType" value="45"/>
			<property name="Meshfile" value="Items/Misc/brokenGlassPrefab"/>
			<property name="DropMeshfile" value="Items/Misc/sack_droppedPrefab"/>
			<property name="Material" value="MresourceBrokenGlass"/>
			<property name="Stacknumber" value="1000"/> <!-- STK resource -->
			<property name="Weight" value="100"/>
			<property name="Group" value="Resources"/>
			<property name="CustomIcon" value="resourceBrokenGlass"/>
			<property name="CustomIconTint" value="ff0000"/>
			<property name="DescriptionKey" value="A condensed form of glass made from 20 pieces of glass. Smelts extremely quickly."/>
			<property name="MeltTimePerUnit" value="0.01"/>
			<property name="SellableToTrader" value="false"/>
		</item>
		<item name="Condensed Clay">
			<property name="HoldType" value="45"/>
			<property name="Meshfile" value="Items/Misc/sackPrefab"/>
			<property name="DropMeshfile" value="Items/Misc/sack_droppedPrefab"/>
			<property name="Material" value="MresourceClayLump"/>
			<property name="Weight" value="100"/>
			<property name="Stacknumber" value="1000"/> <!-- STK resource -->
			<property name="Group" value="Resources"/>
			<property name="CustomIcon" value="resourceClayLump"/>
			<property name="CustomIconTint" value="ff0000"/>
			<property name="DescriptionKey" value="A condensed form of clay made from 20 clay lumps. Smelts extremely quickly."/>
			<property name="MeltTimePerUnit" value="0.01"/>
			<property name="SellableToTrader" value="false"/>
		</item>
	</append>
</configs>