<?xml version="1.0" encoding="UTF-8"?>
<configs>
	<set xpath="/items/item[@name='meleeToolStoneAxe']/effect_group[@name='meleeToolStoneAxe']/passive_effect[@name='EntityDamage'][@operation='base_set']/@value">45</set>
	<set xpath="/items/item[@name='meleeToolStoneAxeTazas']/effect_group[@name='meleeToolStoneAxeTazas']/passive_effect[@name='EntityDamage'][@operation='base_set']/@value">60</set>
	<set xpath="/items/item[@name='meleeToolClawHammer']/effect_group[@name='meleeToolClawHammer']/passive_effect[@name='EntityDamage'][@operation='base_set']/@value">60</set>
	<set xpath="/items/item[@name='meleeToolFireaxeIron']/effect_group[@name='meleeToolFireaxeIron']/passive_effect[@name='EntityDamage'][@operation='base_set']/@value">76</set>
	<set xpath="/items/item[@name='meleeToolFireaxeSteel']/effect_group[@name='meleeToolFireaxeSteel']/passive_effect[@name='EntityDamage'][@operation='base_set']/@value">145</set>
	<set xpath="/items/item[@name='meleeToolPickaxeIron']/effect_group[@name='meleeToolPickaxeIron']/passive_effect[@name='EntityDamage'][@operation='base_set']/@value">56</set>
	<set xpath="/items/item[@name='meleeToolPickaxeSteel']/effect_group[@name='meleeToolPickaxeSteel']/passive_effect[@name='EntityDamage'][@operation='base_set']/@value">116</set>
	<set xpath="/items/item[@name='meleeToolShovelStone']/effect_group[@name='meleeToolShovelStone']/passive_effect[@name='EntityDamage'][@operation='base_set']/@value">60</set>
	<set xpath="/items/item[@name='meleeToolShovelIron']/effect_group[@name='meleeToolShovelIron']/passive_effect[@name='EntityDamage'][@operation='base_set']/@value">73</set>
	<set xpath="/items/item[@name='meleeToolShovelSteel']/effect_group[@name='meleeToolShovelSteel']/passive_effect[@name='EntityDamage'][@operation='base_set']/@value">109</set>
	<set xpath="/items/item[@name='meleeToolChainsaw']/effect_group[@name='meleeToolChainsaw']/passive_effect[@name='EntityDamage'][@operation='base_set']/@value">30</set>
	<set xpath="/items/item[@name='meleeToolAuger']/effect_group[@name='meleeToolAuger']/passive_effect[@name='EntityDamage'][@operation='base_set']/@value">21</set>
	<set xpath="/items/item[@name='meleeToolWrench']/effect_group[@name='meleeToolWrench']/passive_effect[@name='EntityDamage'][@operation='base_set']/@value">90</set>
	<set xpath="/items/item[@name='meleeToolKnifeBone']/effect_group[@name='meleeToolKnifeBone']/passive_effect[@name='EntityDamage'][@operation='base_set']/@value">26</set>
	<set xpath="/items/item[@name='meleeToolKnifeIron']/effect_group[@name='meleeToolKnifeIron']/passive_effect[@name='EntityDamage'][@operation='base_set']/@value">31</set>
	<set xpath="/items/item[@name='meleeToolKnifeCandy']/effect_group[@name='meleeToolKnifeCandy']/passive_effect[@name='EntityDamage'][@operation='base_set']/@value">33</set>
	<set xpath="/items/item[@name='meleeToolKnifeMachete']/effect_group[@name='meleeToolKnifeMachete']/passive_effect[@name='EntityDamage'][@operation='base_set']/@value">99</set>
	<set xpath="/items/item[@name='meleeClubWood']/effect_group[@name='meleeClubWood']/passive_effect[@name='EntityDamage'][@operation='base_set']/@value">69</set>
	<set xpath="/items/item[@name='meleeClubIron']/effect_group[@name='meleeClubIron']/passive_effect[@name='EntityDamage'][@operation='base_set']/@value">87</set>
	<set xpath="/items/item[@name='meleeClubCandy']/effect_group[@name='meleeClubCandy']/passive_effect[@name='EntityDamage'][@operation='base_set']/@value">96</set>
	<set xpath="/items/item[@name='meleeClubBaseballBat']/effect_group[@name='meleeClubBaseballBat']/passive_effect[@name='EntityDamage'][@operation='base_set']/@value">131</set>
	<set xpath="/items/item[@name='meleeStunBaton']/effect_group[@name='meleeStunBaton']/passive_effect[@name='EntityDamage'][@operation='base_set']/@value">54</set>
	<set xpath="/items/item[@name='meleeThrownSpearStone']/effect_group[@name='meleeThrownSpearStone']/passive_effect[@name='EntityDamage'][@operation='base_set']/@value">52</set>
	<set xpath="/items/item[@name='meleeThrownSpearIron']/effect_group[@name='meleeThrownSpearIron']/passive_effect[@name='EntityDamage'][@operation='base_set']/@value">62</set>
	<set xpath="/items/item[@name='meleeThrownSpearSteel']/effect_group[@name='meleeThrownSpearSteel']/passive_effect[@name='EntityDamage'][@operation='base_set']/@value">93</set>
	<set xpath="/items/item[@name='meleeToolSledgehammerStone']/effect_group[@name='meleeToolSledgehammerStone']/passive_effect[@name='EntityDamage'][@operation='base_set']/@value">88</set>
	<set xpath="/items/item[@name='meleeToolSledgehammerIron']/effect_group[@name='meleeToolSledgehammerIron']/passive_effect[@name='EntityDamage'][@operation='base_set']/@value">154</set>
	<set xpath="/items/item[@name='meleeToolSledgehammerSteel']/effect_group[@name='meleeToolSledgehammerSteel']/passive_effect[@name='EntityDamage'][@operation='base_set']/@value">231</set>
	<set xpath="/items/item[@name='meleeKnucklesLeather']/effect_group[@name='meleeKnucklesLeather']/passive_effect[@name='EntityDamage'][@operation='base_set']/@value">31</set>
	<set xpath="/items/item[@name='meleeKnucklesIron']/effect_group[@name='meleeKnucklesIron']/passive_effect[@name='EntityDamage'][@operation='base_set']/@value">46</set>
	<set xpath="/items/item[@name='meleeKnucklesSteel']/effect_group[@name='meleeKnucklesSteel']/passive_effect[@name='EntityDamage'][@operation='base_set']/@value">68</set>
	<set xpath="/items/item[@name='meleeToolHoeIron']/effect_group[@name='meleeToolHoeIron']/passive_effect[@name='EntityDamage'][@operation='base_set']/@value">66</set>
	<set xpath="/items/item[@name='meleeToolFlashlight02']/effect_group[@name='meleeToolFlashlight02']/passive_effect[@name='EntityDamage'][@operation='base_set']/@value">36</set>
	<set xpath="/items/item[@name='meleeToolTorch']/effect_group[@name='meleeToolTorch']/passive_effect[@name='EntityDamage'][@operation='base_set']/@value">51</set>
	<set xpath="/items/item[@name='gunJunkTurret']/effect_group[@name='gunJunkTurret']/passive_effect[@name='EntityDamage'][@operation='base_set']/@value">59</set>
	<set xpath="/items/item[@name='meleeHandPlayer']/effect_group[@name='meleeHandPlayer']/passive_effect[@name='EntityDamage'][@operation='base_set']/@value">35</set>
	<set xpath="/items/item[@name='handPlayer']/effect_group[@name='handPlayer']/passive_effect[@name='EntityDamage'][@operation='base_set']/@value">25</set>
	<set xpath="/items/item[@name='ammo9mmBulletBall']/effect_group[@name='ammo9mmBulletBall']/passive_effect[@name='EntityDamage'][@operation='base_set']/@value">160</set>
	<set xpath="/items/item[@name='ammo9mmBulletHP']/effect_group[@name='ammo9mmBulletHP']/passive_effect[@name='EntityDamage'][@operation='base_set']/@value">208</set>
	<set xpath="/items/item[@name='ammo9mmBulletAP']/effect_group[@name='ammo9mmBulletAP']/passive_effect[@name='EntityDamage'][@operation='base_set']/@value">160</set>
	<set xpath="/items/item[@name='ammo44MagnumBulletBall']/effect_group[@name='ammo44MagnumBulletBall']/passive_effect[@name='EntityDamage'][@operation='base_set']/@value">325</set>
	<set xpath="/items/item[@name='ammo44MagnumBulletHP']/effect_group[@name='ammo44MagnumBulletHP']/passive_effect[@name='EntityDamage'][@operation='base_set']/@value">423</set>
	<set xpath="/items/item[@name='ammo44MagnumBulletAP']/effect_group[@name='ammo44MagnumBulletAP']/passive_effect[@name='EntityDamage'][@operation='base_set']/@value">400</set>
	<set xpath="/items/item[@name='ammo762mmBulletBall']/effect_group[@name='ammo762mmBulletBall']/passive_effect[@name='EntityDamage'][@operation='base_set']/@value">250</set>
	<set xpath="/items/item[@name='ammo762mmBulletHP']/effect_group[@name='ammo762mmBulletHP']/passive_effect[@name='EntityDamage'][@operation='base_set']/@value">325</set>
	<set xpath="/items/item[@name='ammo762mmBulletAP']/effect_group[@name='ammo762mmBulletAP']/passive_effect[@name='EntityDamage'][@operation='base_set']/@value">250</set>
	<set xpath="/items/item[@name='ammoShotgunShell']/effect_group[@name='ammoShotgunShell']/passive_effect[@name='EntityDamage'][@operation='base_set']/@value">60</set>
	<set xpath="/items/item[@name='ammoShotgunSlug']/effect_group[@name='ammoShotgunSlug']/passive_effect[@name='EntityDamage'][@operation='base_set']/@value">400</set>
	<set xpath="/items/item[@name='ammoShotgunBreachingSlug']/effect_group[@name='ammoShotgunBreachingSlug']/passive_effect[@name='EntityDamage'][@operation='base_set']/@value">400</set>
	<set xpath="/items/item[@name='ammoBlunderbuss']/effect_group[@name='ammoBlunderbuss']/passive_effect[@name='EntityDamage'][@operation='base_set']/@value">55</set>
	<set xpath="/items/item[@name='ammoRocketHE']/effect_group[@name='ammoRocketHE']/passive_effect[@name='EntityDamage'][@operation='base_set']/@value">1050</set>
	<set xpath="/items/item[@name='ammoRocketFrag']/effect_group[@name='ammoRocketFrag']/passive_effect[@name='EntityDamage'][@operation='base_set']/@value">1625</set>
	<set xpath="/items/item[@name='ammoArrowStone']/effect_group[@name='ammoArrowStone']/passive_effect[@name='EntityDamage'][@operation='base_set']/@value">125</set>
	<set xpath="/items/item[@name='ammoArrowIron']/effect_group[@name='ammoArrowIron']/passive_effect[@name='EntityDamage'][@operation='base_set']/@value">140</set>
	<set xpath="/items/item[@name='ammoArrowSteelAP']/effect_group[@name='ammoArrowSteelAP']/passive_effect[@name='EntityDamage'][@operation='base_set']/@value">155</set>
	<set xpath="/items/item[@name='ammoArrowFlaming']/effect_group[@name='ammoArrowFlaming']/passive_effect[@name='EntityDamage'][@operation='base_set']/@value">125</set>
	<set xpath="/items/item[@name='ammoArrowExploding']/effect_group[@name='ammoArrowExploding']/passive_effect[@name='EntityDamage'][@operation='base_set']/@value">450</set>
	<set xpath="/items/item[@name='ammoCrossbowBoltStone']/effect_group[@name='ammoCrossbowBoltStone']/passive_effect[@name='EntityDamage'][@operation='base_set']/@value">160</set>
	<set xpath="/items/item[@name='ammoCrossbowBoltIron']/effect_group[@name='ammoCrossbowBoltIron']/passive_effect[@name='EntityDamage'][@operation='base_set']/@value">190</set>
	<set xpath="/items/item[@name='ammoCrossbowBoltSteelAP']/effect_group[@name='ammoCrossbowBoltSteelAP']/passive_effect[@name='EntityDamage'][@operation='base_set']/@value">225</set>
	<set xpath="/items/item[@name='ammoCrossbowBoltFlaming']/effect_group[@name='ammoCrossbowBoltFlaming']/passive_effect[@name='EntityDamage'][@operation='base_set']/@value">190</set>
	<set xpath="/items/item[@name='ammoCrossbowBoltExploding']/effect_group[@name='ammoCrossbowBoltExploding']/passive_effect[@name='EntityDamage'][@operation='base_set']/@value">625</set>
	<set xpath="/items/item[@name='ammoDartIron']/effect_group[@name='ammoDartIron']/passive_effect[@name='EntityDamage'][@operation='base_set']/@value">225</set>
	<set xpath="/items/item[@name='resourceNail']/effect_group[@name='resourceNail']/passive_effect[@name='EntityDamage'][@operation='base_set']/@value">25</set>
	<set xpath="/items/item[@name='gunPistolAdmin']/effect_group[@name='gunPistolAdmin']/passive_effect[@name='EntityDamage'][@operation='base_set']/@value">25000</set>
</configs>