<?xml version="1.0" encoding="UTF-8"?>
<configs>
	<append xpath="/items">
    <!-- The "unlocks" property needs to only have one item listed if you want the little book icon to open when you read it. -->
        <!-- <item name="Schematic">
            <property name="Extends" value="schematicNoQualityMaster"/>
            <property name="CreativeMode" value="Player"/>
            <property name="CustomIcon" value=""/>
            <property name="CustomIconTint" value=""/>
            <property name="Unlocks" value=""/>
            <effect_group tiered="false">
                <triggered_effect trigger="onSelfPrimaryActionEnd" action="ModifyCVar" cvar="" operation="set" value="1"/>
                <triggered_effect trigger="onSelfPrimaryActionEnd" action="ModifyCVar" cvar="Schematic" operation="set" value="1"/>
                <triggered_effect trigger="onSelfPrimaryActionEnd" action="GiveExp" exp="50"/>
            </effect_group>
        </item> -->
        <item name="ygModDiamondEdgeSchematic">
            <property name="Extends" value="schematicNoQualityMaster"/>
            <property name="CreativeMode" value="Player"/>
            <property name="CustomIcon" value="ygModDiamondEdge"/>
            <property name="CustomIconTint" value=""/>
            <property name="Unlocks" value="ygModDiamondEdge"/>
            <effect_group tiered="false">
                <triggered_effect trigger="onSelfPrimaryActionEnd" action="ModifyCVar" cvar="ygModDiamondEdge" operation="set" value="1"/>
                <triggered_effect trigger="onSelfPrimaryActionEnd" action="ModifyCVar" cvar="ygModDiamondEdgeSchematic" operation="set" value="1"/>
                <triggered_effect trigger="onSelfPrimaryActionEnd" action="GiveExp" exp="50"/>
            </effect_group>
        </item>
        <item name="ygModObsidianEdgeSchematic">
            <property name="Extends" value="schematicNoQualityMaster"/>
            <property name="CreativeMode" value="Player"/>
            <property name="CustomIcon" value="ygModObsidianEdge"/>
            <property name="Unlocks" value="ygModObsidianEdge"/>
            <effect_group tiered="false">
                <triggered_effect trigger="onSelfPrimaryActionEnd" action="ModifyCVar" cvar="ygModObsidianEdge" operation="set" value="1"/>
                <triggered_effect trigger="onSelfPrimaryActionEnd" action="ModifyCVar" cvar="ygModObsidianEdgeSchematic" operation="set" value="1"/>
                <triggered_effect trigger="onSelfPrimaryActionEnd" action="GiveExp" exp="50"/>
            </effect_group>
        </item>
        <item name="resourceRawDiamondSchematic">
            <property name="Extends" value="schematicNoQualityMaster"/>
            <property name="CreativeMode" value="Player"/>
            <property name="CustomIcon" value="resourceRawDiamond"/>
            <property name="Unlocks" value="resourceRawDiamond"/>
            <effect_group tiered="false">
                <triggered_effect trigger="onSelfPrimaryActionEnd" action="ModifyCVar" cvar="resourceRawDiamond" operation="set" value="1"/>
                <triggered_effect trigger="onSelfPrimaryActionEnd" action="ModifyCVar" cvar="resourceRawDiamondSchematic" operation="set" value="1"/>
                <triggered_effect trigger="onSelfPrimaryActionEnd" action="GiveExp" exp="50"/>
            </effect_group>
        </item>
        <item name="ygApparelBlunt">
            <property name="Extends" value="apparelCigar"/>
            <property name="Tags" value="head"/>
            <property name="UnlockedBy" value="perkUrbanCombatControlledBreathing"/>
            <property name="CustomIcon" value="apparelCigar"/>
            <property name="CustomIconTint" value="88cc88"/>
            <effect_group tiered="false">
                <passive_effect name="ModSlots" operation="base_set" value="0"/>
                <passive_effect name="BarteringBuying" operation="base_add" value=".2"/>
                <passive_effect name="BarteringSelling" operation="base_add" value=".2"/>
            </effect_group>
        </item>
        <item name="ygModArmorStillSuitSchematic">
            <property name="Extends" value="schematicNoQualityMaster"/>
            <property name="CreativeMode" value="Player"/>
            <property name="CustomIcon" value="ygModArmorStillSuit"/>
            <property name="Unlocks" value="ygModArmorStillSuit"/>
            <effect_group tiered="false">
                <triggered_effect trigger="onSelfPrimaryActionEnd" action="ModifyCVar" cvar="ygModArmorStillSuit" operation="set" value="1"/>
                <triggered_effect trigger="onSelfPrimaryActionEnd" action="ModifyCVar" cvar="ygModArmorStillSuitSchematic" operation="set" value="1"/>
                <triggered_effect trigger="onSelfPrimaryActionEnd" action="GiveExp" exp="50"/>
            </effect_group>
        </item>
        <item name="ygModArmorInsulatedLinerImprovedSchematic">
            <property name="Extends" value="schematicNoQualityMaster"/>
            <property name="CreativeMode" value="Player"/>
            <property name="CustomIcon" value="modArmorInsulatedLiner"/>
            <property name="CustomIconTint" value="00ff00"/>
            <property name="Unlocks" value="ygModArmorInsulatedLinerImproved"/>
            <effect_group tiered="false">
                <triggered_effect trigger="onSelfPrimaryActionEnd" action="ModifyCVar" cvar="ygModArmorInsulatedLinerImproved" operation="set" value="1"/>
                <triggered_effect trigger="onSelfPrimaryActionEnd" action="ModifyCVar" cvar="ygModArmorInsulatedLinerImprovedSchematic" operation="set" value="1"/>
                <triggered_effect trigger="onSelfPrimaryActionEnd" action="GiveExp" exp="50"/>
            </effect_group>
        </item>
        <item name="ygModArmorInsulatedLinerAdvancedSchematic">
            <property name="Extends" value="schematicNoQualityMaster"/>
            <property name="CreativeMode" value="Player"/>
            <property name="CustomIcon" value="modArmorInsulatedLiner"/>
            <property name="CustomIconTint" value="ffff00"/>
            <property name="Unlocks" value="ygModArmorInsulatedLinerAdvanced"/>
            <effect_group tiered="false">
                <triggered_effect trigger="onSelfPrimaryActionEnd" action="ModifyCVar" cvar="ygModArmorInsulatedLinerAdvanced" operation="set" value="1"/>
                <triggered_effect trigger="onSelfPrimaryActionEnd" action="ModifyCVar" cvar="ygModArmorInsulatedLinerAdvancedSchematic" operation="set" value="1"/>
                <triggered_effect trigger="onSelfPrimaryActionEnd" action="GiveExp" exp="50"/>
            </effect_group>
        </item>
        <item name="ygModArmorCoolingMeshImprovedSchematic">
            <property name="Extends" value="schematicNoQualityMaster"/>
            <property name="CreativeMode" value="Player"/>
            <property name="CustomIcon" value="modArmorCoolingMesh"/>
            <property name="CustomIconTint" value="00ff00"/>
            <property name="Unlocks" value="ygModArmorCoolingMeshImproved"/>
            <effect_group tiered="false">
                <triggered_effect trigger="onSelfPrimaryActionEnd" action="ModifyCVar" cvar="ygModArmorCoolingMeshImproved" operation="set" value="1"/>
                <triggered_effect trigger="onSelfPrimaryActionEnd" action="ModifyCVar" cvar="ygModArmorCoolingMeshImprovedSchematic" operation="set" value="1"/>
                <triggered_effect trigger="onSelfPrimaryActionEnd" action="GiveExp" exp="50"/>
            </effect_group>
        </item>
        <item name="ygModArmorCoolingMeshAdvancedSchematic">
            <property name="Extends" value="schematicNoQualityMaster"/>
            <property name="CreativeMode" value="Player"/>
            <property name="CustomIcon" value="modArmorCoolingMesh"/>
            <property name="CustomIconTint" value="ffff00"/>
            <property name="Unlocks" value="ygModArmorCoolingMeshAdvanced"/>
            <effect_group tiered="false">
                <triggered_effect trigger="onSelfPrimaryActionEnd" action="ModifyCVar" cvar="ygModArmorCoolingMeshAdvanced" operation="set" value="1"/>
                <triggered_effect trigger="onSelfPrimaryActionEnd" action="ModifyCVar" cvar="ygModArmorCoolingMeshAdvancedSchematic" operation="set" value="1"/>
                <triggered_effect trigger="onSelfPrimaryActionEnd" action="GiveExp" exp="50"/>
            </effect_group>
        </item>
        <item name="ygModArmorBackpackFrameSchematic">
            <property name="Extends" value="schematicNoQualityMaster"/>
            <property name="CreativeMode" value="Player"/>
            <property name="CustomIcon" value="ygModArmorBackpackFrame"/>
            <property name="Unlocks" value="ygModArmorBackpackFrame"/>
            <effect_group tiered="false">
                <triggered_effect trigger="onSelfPrimaryActionEnd" action="ModifyCVar" cvar="ygModArmorBackpackFrame" operation="set" value="1"/>
                <triggered_effect trigger="onSelfPrimaryActionEnd" action="ModifyCVar" cvar="ygModArmorBackpackFrameSchematic" operation="set" value="1"/>
                <triggered_effect trigger="onSelfPrimaryActionEnd" action="GiveExp" exp="50"/>
            </effect_group>
        </item>
        <item name="ygModArmorLongFallBootsSchematic">
            <property name="Extends" value="schematicNoQualityMaster"/>
            <property name="CreativeMode" value="Player"/>
            <property name="CustomIcon" value="ygModArmorLongFallBoots"/>
            <property name="Unlocks" value="ygModArmorLongFallBoots"/>
            <effect_group tiered="false">
                <triggered_effect trigger="onSelfPrimaryActionEnd" action="ModifyCVar" cvar="ygModArmorLongFallBoots" operation="set" value="1"/>
                <triggered_effect trigger="onSelfPrimaryActionEnd" action="ModifyCVar" cvar="ygModArmorLongFallBootsSchematic" operation="set" value="1"/>
                <triggered_effect trigger="onSelfPrimaryActionEnd" action="GiveExp" exp="50"/>
            </effect_group>
        </item>
         <item name="ygModArmorPlatingMilitarySchematic">
            <property name="Extends" value="schematicNoQualityMaster"/>
            <property name="CreativeMode" value="Player"/>
            <property name="CustomIcon" value="ygModArmorPlatingMilitary"/>
            <property name="Unlocks" value="ygModArmorPlatingMilitary"/>
            <effect_group tiered="false">
                <triggered_effect trigger="onSelfPrimaryActionEnd" action="ModifyCVar" cvar="ygModArmorPlatingMilitary" operation="set" value="1"/>
                <triggered_effect trigger="onSelfPrimaryActionEnd" action="ModifyCVar" cvar="ygModArmorPlatingMilitarySchematic" operation="set" value="1"/>
                <triggered_effect trigger="onSelfPrimaryActionEnd" action="GiveExp" exp="50"/>
            </effect_group>
        </item>
    </append>
</configs>