<?xml version="1.0" encoding="UTF-8"?>
<configs>
	<set xpath="/items/item[@name='meleeToolRepairT0StoneAxe']/effect_group[@name='meleeToolRepairT0StoneAxe']/passive_effect[@name='EntityDamage'][@operation='base_set']/@value">12</set> <!-- default: 6 -->
	<set xpath="/items/item[@name='meleeToolRepairT0TazasStoneAxe']/effect_group[@name='meleeToolRepairT0TazasStoneAxe']/passive_effect[@name='EntityDamage'][@operation='base_set']/@value">16</set> <!-- default: 8 -->
	<set xpath="/items/item[@name='meleeToolRepairT1ClawHammer']/effect_group[@name='meleeToolRepairT1ClawHammer']/passive_effect[@name='EntityDamage'][@operation='base_set']/@value">24</set> <!-- default: 12 -->
	<set xpath="/items/item[@name='meleeToolAxeT1IronFireaxe']/effect_group[@name='meleeToolAxeT1IronFireaxe']/passive_effect[@name='EntityDamage'][@operation='base_set']/@value">31</set> <!-- default: 15.1 -->
	<set xpath="/items/item[@name='meleeToolAxeT2SteelAxe']/effect_group[@name='meleeToolAxeT2SteelAxe']/passive_effect[@name='EntityDamage'][@operation='base_set']/@value">58</set> <!-- default: 28.9 -->
	<set xpath="/items/item[@name='meleeToolPickT1IronPickaxe']/effect_group[@name='meleeToolPickT1IronPickaxe']/passive_effect[@name='EntityDamage'][@operation='base_set']/@value">23</set> <!-- default: 11.2 -->
	<set xpath="/items/item[@name='meleeToolPickT2SteelPickaxe']/effect_group[@name='meleeToolPickT2SteelPickaxe']/passive_effect[@name='EntityDamage'][@operation='base_set']/@value">47</set> <!-- default: 23.2 -->
	<set xpath="/items/item[@name='meleeToolShovelT0StoneShovel']/effect_group[@name='meleeToolShovelT0StoneShovel']/passive_effect[@name='EntityDamage'][@operation='base_set']/@value">20</set> <!-- default: 9.6 -->
	<set xpath="/items/item[@name='meleeToolShovelT1IronShovel']/effect_group[@name='meleeToolShovelT1IronShovel']/passive_effect[@name='EntityDamage'][@operation='base_set']/@value">24</set> <!-- default: 11.6 -->
	<set xpath="/items/item[@name='meleeToolShovelT2SteelShovel']/effect_group[@name='meleeToolShovelT2SteelShovel']/passive_effect[@name='EntityDamage'][@operation='base_set']/@value">35</set> <!-- default: 17.4 -->
	<set xpath="/items/item[@name='meleeToolAxeT3Chainsaw']/effect_group[@name='meleeToolAxeT3Chainsaw']/passive_effect[@name='EntityDamage'][@operation='base_set']/@value">12</set> <!-- default: 6 -->
	<set xpath="/items/item[@name='meleeToolPickT3Auger']/effect_group[@name='meleeToolPickT3Auger']/passive_effect[@name='EntityDamage'][@operation='base_set']/@value">9</set> <!-- default: 4.2 -->
	<set xpath="/items/item[@name='meleeToolSalvageT1Wrench']/effect_group[@name='meleeToolSalvageT1Wrench']/passive_effect[@name='EntityDamage'][@operation='base_set']/@value">33</set> <!-- default: 16.5 -->
	<set xpath="/items/item[@name='meleeToolSalvageT2Ratchet']/effect_group[@name='meleeToolSalvageT2Ratchet']/passive_effect[@name='EntityDamage'][@operation='base_set']/@value">33</set> <!-- default: 16.5 -->
	<set xpath="/items/item[@name='meleeToolSalvageT3ImpactDriver']/effect_group[@name='meleeToolSalvageT3ImpactDriver']/passive_effect[@name='EntityDamage'][@operation='base_set']/@value">33</set> <!-- default: 16.5 -->
	<set xpath="/items/item[@name='meleeWpnBladeT0BoneKnife']/effect_group[@name='meleeWpnBladeT0BoneKnife']/passive_effect[@name='EntityDamage'][@operation='base_set']/@value">11</set> <!-- default: 5.1 -->
	<set xpath="/items/item[@name='meleeWpnBladeT1HuntingKnife']/effect_group[@name='meleeWpnBladeT1HuntingKnife']/passive_effect[@name='EntityDamage'][@operation='base_set']/@value">13</set> <!-- default: 6.1 -->
	<set xpath="/items/item[@name='meleeWpnBladeT1CandyKnife']/effect_group[@name='meleeWpnBladeT1CandyKnife']/passive_effect[@name='EntityDamage'][@operation='base_set']/@value">14</set> <!-- default: 6.6 -->
	<set xpath="/items/item[@name='meleeWpnBladeT3Machete']/effect_group[@name='meleeWpnBladeT3Machete']/passive_effect[@name='EntityDamage'][@operation='base_set']/@value">40</set> <!-- default: 19.8 -->
	<set xpath="/items/item[@name='meleeWpnClubT0WoodenClub']/effect_group[@name='meleeWpnClubT0WoodenClub']/passive_effect[@name='EntityDamage'][@operation='base_set']/@value">28</set> <!-- default: 13.8 -->
	<set xpath="/items/item[@name='meleeWpnClubT1BaseballBat']/effect_group[@name='meleeWpnClubT1BaseballBat']/passive_effect[@name='EntityDamage'][@operation='base_set']/@value">35</set> <!-- default: 17.4 -->
	<set xpath="/items/item[@name='meleeWpnClubT1CandyClub']/effect_group[@name='meleeWpnClubT1CandyClub']/passive_effect[@name='EntityDamage'][@operation='base_set']/@value">39</set> <!-- default: 19.2 -->
	<set xpath="/items/item[@name='meleeWpnClubT3SteelClub']/effect_group[@name='meleeWpnClubT3SteelClub']/passive_effect[@name='EntityDamage'][@operation='base_set']/@value">53</set> <!-- default: 26.2 -->
	<set xpath="/items/item[@name='meleeWpnBatonT1JunkBaton']/effect_group[@name='meleeWpnBatonT1JunkBaton']/passive_effect[@name='EntityDamage'][@operation='base_set']/@value">22</set> <!-- default: 10.8 -->
	<set xpath="/items/item[@name='meleeWpnBatonT2StunBaton']/effect_group[@name='meleeWpnBatonT2StunBaton']/passive_effect[@name='EntityDamage'][@operation='base_set']/@value">22</set> <!-- default: 10.8 -->
	<set xpath="/items/item[@name='meleeWpnBatonT3PlasmaBaton']/effect_group[@name='meleeWpnBatonT3PlasmaBaton']/passive_effect[@name='EntityDamage'][@operation='base_set']/@value">22</set> <!-- default: 10.8 -->
	<set xpath="/items/item[@name='meleeWpnSpearT0StoneSpear']/effect_group[@name='meleeWpnSpearT0StoneSpear']/passive_effect[@name='EntityDamage'][@operation='base_set']/@value">21</set> <!-- default: 10.3 -->
	<set xpath="/items/item[@name='meleeWpnSpearT1IronSpear']/effect_group[@name='meleeWpnSpearT1IronSpear']/passive_effect[@name='EntityDamage'][@operation='base_set']/@value">25</set> <!-- default: 12.4 -->
	<set xpath="/items/item[@name='meleeWpnSpearT3SteelSpear']/effect_group[@name='meleeWpnSpearT3SteelSpear']/passive_effect[@name='EntityDamage'][@operation='base_set']/@value">38</set> <!-- default: 18.6 -->
	<set xpath="/items/item[@name='meleeWpnSledgeT0StoneSledgehammer']/effect_group[@name='meleeWpnSledgeT0StoneSledgehammer']/passive_effect[@name='EntityDamage'][@operation='base_set']/@value">35</set> <!-- default: 17.5 -->
	<set xpath="/items/item[@name='meleeWpnSledgeT1IronSledgehammer']/effect_group[@name='meleeWpnSledgeT1IronSledgehammer']/passive_effect[@name='EntityDamage'][@operation='base_set']/@value">62</set> <!-- default: 30.8 -->
	<set xpath="/items/item[@name='meleeWpnSledgeT3SteelSledgehammer']/effect_group[@name='meleeWpnSledgeT3SteelSledgehammer']/passive_effect[@name='EntityDamage'][@operation='base_set']/@value">93</set> <!-- default: 46.2 -->
	<set xpath="/items/item[@name='meleeWpnKnucklesT0LeatherKnuckles']/effect_group[@name='meleeWpnKnucklesT0LeatherKnuckles']/passive_effect[@name='EntityDamage'][@operation='base_set']/@value">13</set> <!-- default: 6.2 -->
	<set xpath="/items/item[@name='meleeWpnKnucklesT1IronKnuckles']/effect_group[@name='meleeWpnKnucklesT1IronKnuckles']/passive_effect[@name='EntityDamage'][@operation='base_set']/@value">19</set> <!-- default: 9.1 -->
	<set xpath="/items/item[@name='meleeWpnKnucklesT3SteelKnuckles']/effect_group[@name='meleeWpnKnucklesT3SteelKnuckles']/passive_effect[@name='EntityDamage'][@operation='base_set']/@value">28</set> <!-- default: 13.6 -->
	<set xpath="/items/item[@name='meleeToolFarmT1IronHoe']/effect_group[@name='meleeToolFarmT1IronHoe']/passive_effect[@name='EntityDamage'][@operation='base_set']/@value">27</set> <!-- default: 13.2 -->
	<set xpath="/items/item[@name='meleeToolFlashlight02']/effect_group[@name='meleeToolFlashlight02']/passive_effect[@name='EntityDamage'][@operation='base_set']/@value">15</set> <!-- default: 7.2 -->
	<set xpath="/items/item[@name='meleeToolTorch']/effect_group[@name='meleeToolTorch']/passive_effect[@name='EntityDamage'][@operation='base_set']/@value">21</set> <!-- default: 10.2 -->
	<set xpath="/items/item[@name='gunBotT1JunkSledge']/effect_group[@name='gunBotT1JunkSledge']/passive_effect[@name='EntityDamage'][@operation='base_set']/@value">27</set> <!-- default: 13.5 -->
	<set xpath="/items/item[@name='meleeHandPlayer']/effect_group[@name='meleeHandPlayer']/passive_effect[@name='EntityDamage'][@operation='base_set']/@value">10</set> <!-- default: 5 -->
	<set xpath="/items/item[@name='ammo9mmBulletBall']/effect_group[@name='ammo9mmBulletBall']/passive_effect[@name='EntityDamage'][@operation='base_set']/@value">64</set> <!-- default: 32 -->
	<set xpath="/items/item[@name='ammo9mmBulletHP']/effect_group[@name='ammo9mmBulletHP']/passive_effect[@name='EntityDamage'][@operation='base_set']/@value">84</set> <!-- default: 41.6 -->
	<set xpath="/items/item[@name='ammo9mmBulletAP']/effect_group[@name='ammo9mmBulletAP']/passive_effect[@name='EntityDamage'][@operation='base_set']/@value">64</set> <!-- default: 32 -->
	<set xpath="/items/item[@name='ammo44MagnumBulletBall']/effect_group[@name='ammo44MagnumBulletBall']/passive_effect[@name='EntityDamage'][@operation='base_set']/@value">140</set> <!-- default: 70 -->
	<set xpath="/items/item[@name='ammo44MagnumBulletHP']/effect_group[@name='ammo44MagnumBulletHP']/passive_effect[@name='EntityDamage'][@operation='base_set']/@value">182</set> <!-- default: 91 -->
	<set xpath="/items/item[@name='ammo44MagnumBulletAP']/effect_group[@name='ammo44MagnumBulletAP']/passive_effect[@name='EntityDamage'][@operation='base_set']/@value">140</set> <!-- default: 70 -->
	<set xpath="/items/item[@name='ammo762mmBulletBall']/effect_group[@name='ammo762mmBulletBall']/passive_effect[@name='EntityDamage'][@operation='base_set']/@value">100</set> <!-- default: 50 -->
	<set xpath="/items/item[@name='ammo762mmBulletHP']/effect_group[@name='ammo762mmBulletHP']/passive_effect[@name='EntityDamage'][@operation='base_set']/@value">130</set> <!-- default: 65 -->
	<set xpath="/items/item[@name='ammo762mmBulletAP']/effect_group[@name='ammo762mmBulletAP']/passive_effect[@name='EntityDamage'][@operation='base_set']/@value">100</set> <!-- default: 50 -->
	<set xpath="/items/item[@name='ammoShotgunShell']/effect_group[@name='ammoShotgunShell']/passive_effect[@name='EntityDamage'][@operation='base_set']/@value">28</set> <!-- default: 14 -->
	<set xpath="/items/item[@name='ammoShotgunSlug']/effect_group[@name='ammoShotgunSlug']/passive_effect[@name='EntityDamage'][@operation='base_set']/@value">240</set> <!-- default: 120 -->
	<set xpath="/items/item[@name='ammoShotgunBreachingSlug']/effect_group[@name='ammoShotgunBreachingSlug']/passive_effect[@name='EntityDamage'][@operation='base_set']/@value">240</set> <!-- default: 120 -->
	<set xpath="/items/item[@name='ammoBlunderbuss']/effect_group[@name='ammoBlunderbuss']/passive_effect[@name='EntityDamage'][@operation='base_set']/@value">24</set> <!-- default: 12 -->
	<set xpath="/items/item[@name='ammoJunkTurretRegular']/effect_group[@name='ammoJunkTurretRegular']/passive_effect[@name='EntityDamage'][@operation='base_set']/@value">24</set> <!-- default: 11.8 -->
	<set xpath="/items/item[@name='ammoJunkTurretShell']/effect_group[@name='ammoJunkTurretShell']/passive_effect[@name='EntityDamage'][@operation='base_set']/@value">5</set> <!-- default: 2.33 -->
	<set xpath="/items/item[@name='ammoJunkTurretAP']/effect_group[@name='ammoJunkTurretAP']/passive_effect[@name='EntityDamage'][@operation='base_set']/@value">24</set> <!-- default: 11.8 -->
	<set xpath="/items/item[@name='ammoRocketHE']/effect_group[@name='ammoRocketHE']/passive_effect[@name='EntityDamage'][@operation='base_set']/@value">400</set> <!-- default: 200 -->
	<set xpath="/items/item[@name='ammoRocketFrag']/effect_group[@name='ammoRocketFrag']/passive_effect[@name='EntityDamage'][@operation='base_set']/@value">400</set> <!-- default: 200 -->
	<set xpath="/items/item[@name='ammoArrowStone']/effect_group[@name='ammoArrowStone']/passive_effect[@name='EntityDamage'][@operation='base_set']/@value">50</set> <!-- default: 25 -->
	<set xpath="/items/item[@name='ammoArrowIron']/effect_group[@name='ammoArrowIron']/passive_effect[@name='EntityDamage'][@operation='base_set']/@value">56</set> <!-- default: 28 -->
	<set xpath="/items/item[@name='ammoArrowSteelAP']/effect_group[@name='ammoArrowSteelAP']/passive_effect[@name='EntityDamage'][@operation='base_set']/@value">62</set> <!-- default: 31 -->
	<set xpath="/items/item[@name='ammoArrowFlaming']/effect_group[@name='ammoArrowFlaming']/passive_effect[@name='EntityDamage'][@operation='base_set']/@value">50</set> <!-- default: 25 -->
	<set xpath="/items/item[@name='ammoArrowExploding']/effect_group[@name='ammoArrowExploding']/passive_effect[@name='EntityDamage'][@operation='base_set']/@value">180</set> <!-- default: 90 -->
	<set xpath="/items/item[@name='ammoCrossbowBoltStone']/effect_group[@name='ammoCrossbowBoltStone']/passive_effect[@name='EntityDamage'][@operation='base_set']/@value">64</set> <!-- default: 32 -->
	<set xpath="/items/item[@name='ammoCrossbowBoltIron']/effect_group[@name='ammoCrossbowBoltIron']/passive_effect[@name='EntityDamage'][@operation='base_set']/@value">76</set> <!-- default: 38 -->
	<set xpath="/items/item[@name='ammoCrossbowBoltSteelAP']/effect_group[@name='ammoCrossbowBoltSteelAP']/passive_effect[@name='EntityDamage'][@operation='base_set']/@value">90</set> <!-- default: 45 -->
	<set xpath="/items/item[@name='ammoCrossbowBoltFlaming']/effect_group[@name='ammoCrossbowBoltFlaming']/passive_effect[@name='EntityDamage'][@operation='base_set']/@value">76</set> <!-- default: 38 -->
	<set xpath="/items/item[@name='ammoCrossbowBoltExploding']/effect_group[@name='ammoCrossbowBoltExploding']/passive_effect[@name='EntityDamage'][@operation='base_set']/@value">250</set> <!-- default: 125 -->
	<set xpath="/items/item[@name='ammoDartIron']/effect_group[@name='ammoDartIron']/passive_effect[@name='EntityDamage'][@operation='base_set']/@value">90</set> <!-- default: 45 -->
	<set xpath="/items/item[@name='resourceNail']/effect_group[@name='resourceNail']/passive_effect[@name='EntityDamage'][@operation='base_set']/@value">10</set> <!-- default: 5 -->
	<set xpath="/items/item[@name='gunHandgunPistolAdmin']/effect_group[@name='gunHandgunPistolAdmin']/passive_effect[@name='EntityDamage'][@operation='base_set']/@value">10000</set> <!-- default: 5000 -->
</configs>