<?xml version="1.0" encoding="UTF-8"?>
<configs>
	<set xpath="/vehicles/vehicle[@name='vehicleGyrocopter']/property[@name='velocityMax']/@value">12,15</set>
	<!--<set xpath="/vehicles/vehicle[@name='vehicleGyrocopter']/property[@class='engine']/property[@name='fuelKmPerL']/@value">2</set>-->
	<!--<set xpath="vehicles/vehicle[@name='vehicleGyrocopter']/property[@class='fuelTank']/property[@name='capacity']/@value">16</set>-->
	
	<set xpath="/vehicles/vehicle[@name='vehicleBicycle']/property[@name='velocityMax']/@value">10, 15</set>
	
	<set xpath="/vehicles/vehicle[@name='vehicleMinibike']/property[@name='velocityMax']/@value">12,15</set>
	
	<set xpath="/vehicles/vehicle[@name='vehicleMotorcycle']/property[@name='velocityMax']/@value">14, 19</set>
	<!--<set xpath="/vehicles/vehicle[@name='vehicleMotorcycle']/property[@class='engine']/property[@name='fuelKmPerL']/@value">3</set>-->
	
	<set xpath="/vehicles/vehicle[@name='vehicle4x4Truck']/property[@name='velocityMax']/@value">14, 18</set>
	<append xpath="/vehicles/vehicle[@name='vehicle4x4Truck']">
		<property class="seat2">
			<property name="position" value="-.4, .56, -2.46"/>
			<property name="rotation" value="-25, 180, 0"/>
			<property name="exit" value="-1.6,0,0 ~ 1.6,0,-1 ~ -.4,0,-2.8 ~ -.4,0,2.6 ~ -.4,2.1,0"/>
		</property>
		
		<property class="seat3">
			<property name="position" value=".4, .56, -2.46"/>
			<property name="rotation" value="-25, 180, 0"/>
			<property name="exit" value="1.6,0,0 ~ -1.6,0,-1 ~ .4,0,-2.8 ~ .4,0,2.6 ~ .4,2.1,0"/>
		</property>
	</append>
</configs>