<?xml version="1.0" encoding="UTF-8"?>
<configs>
	<!-- Set values to 1 to make the silenced gun practically silent to zombies -->
	<!-- Based on vanilla data the formula seems to be that silencing a gun cuts sound to 1/3 -->
	<!-- I think the pistol needs a little extra love -->

	<set xpath="/Sounds/SoundDataNode[@name='ak47_s_fire']/Noise/@noise">12</set> <!-- default: 36 -->
	<set xpath="/Sounds/SoundDataNode[@name='hunting_rifle_s_fire']/Noise/@noise">12</set> <!-- default: 36 -->
	<set xpath="/Sounds/SoundDataNode[@name='pump_shotgun_s_fire']/Noise/@noise">9</set> <!-- default: 27 -->
	<set xpath="/Sounds/SoundDataNode[@name='pistol_s_fire']/Noise/@noise">1</set> <!-- default: 17 -->
	<set xpath="/Sounds/SoundDataNode[@name='mp5_s_fire']/Noise/@noise">6</set> <!-- default: 18 -->
	<set xpath="/Sounds/SoundDataNode[@name='sniperrifle_s_fire']/Noise/@noise">12</set> <!-- default: 36 -->
	<set xpath="/Sounds/SoundDataNode[@name='m60_s_fire']/Noise/@noise">15</set> <!-- default: 47 -->
	<!-- fix heat_map_strength values for the m60, silenced made more heat than not silenced -->
	<set xpath="/Sounds/SoundDataNode[@name='m60_s_fire']/Noise/@heat_map_strength">0.65</set> <!-- default: 0.7 -->
	<set xpath="/Sounds/SoundDataNode[@name='m60_fire']/Noise/@heat_map_strength">0.7</set> <!-- default: 0.65 -->
</configs>