<?xml version="1.0" encoding="UTF-8"?>
<configs>
	<append xpath="/items">
    <!-- The "unlocks" property needs to only have one item listed if you want the little book icon to open when you read it. -->
        <!-- <item name="Schematic">
            <property name="Extends" value="schematicNoQualityMaster"/>
            <property name="CreativeMode" value="Player"/>
            <property name="CustomIcon" value=""/>
            <property name="CustomIconTint" value=""/>
            <property name="Unlocks" value=""/>
            <effect_group tiered="false">
                <triggered_effect trigger="onSelfPrimaryActionEnd" action="ModifyCVar" cvar="" operation="set" value="1"/>
                <triggered_effect trigger="onSelfPrimaryActionEnd" action="ModifyCVar" cvar="Schematic" operation="set" value="1"/>
                <triggered_effect trigger="onSelfPrimaryActionEnd" action="GiveExp" exp="50"/>
            </effect_group>
        </item> -->
        <item name="modArmorInsulatedLinerImprovedSchematic">
            <property name="Extends" value="schematicNoQualityMaster"/>
            <property name="CreativeMode" value="Player"/>
            <property name="CustomIcon" value="modArmorInsulatedLiner"/>
            <property name="CustomIconTint" value="00ff00"/>
            <property name="Unlocks" value="modArmorInsulatedLinerImproved"/>
            <property name="ItemTypeIcon" value="book"/>
	        <property name="AltItemTypeIcon" value="book_read"/>
            <effect_group tiered="false">
                <triggered_effect trigger="onSelfPrimaryActionEnd" action="ModifyCVar" cvar="modArmorInsulatedLinerImproved" operation="set" value="1"/>
                <triggered_effect trigger="onSelfPrimaryActionEnd" action="ModifyCVar" cvar="modArmorInsulatedLinerImprovedSchematic" operation="set" value="1"/>
                <triggered_effect trigger="onSelfPrimaryActionEnd" action="GiveExp" exp="50"/>
            </effect_group>
        </item>
        <item name="modArmorInsulatedLinerAdvancedSchematic">
            <property name="Extends" value="schematicNoQualityMaster"/>
            <property name="CreativeMode" value="Player"/>
            <property name="CustomIcon" value="modArmorInsulatedLiner"/>
            <property name="CustomIconTint" value="ffff00"/>
            <property name="Unlocks" value="modArmorInsulatedLinerAdvanced"/>
            <property name="ItemTypeIcon" value="book"/>
	        <property name="AltItemTypeIcon" value="book_read"/>
            <effect_group tiered="false">
                <triggered_effect trigger="onSelfPrimaryActionEnd" action="ModifyCVar" cvar="modArmorInsulatedLinerAdvanced" operation="set" value="1"/>
                <triggered_effect trigger="onSelfPrimaryActionEnd" action="ModifyCVar" cvar="modArmorInsulatedLinerAdvancedSchematic" operation="set" value="1"/>
                <triggered_effect trigger="onSelfPrimaryActionEnd" action="GiveExp" exp="50"/>
            </effect_group>
        </item>
        <item name="modArmorCoolingMeshImprovedSchematic">
            <property name="Extends" value="schematicNoQualityMaster"/>
            <property name="CreativeMode" value="Player"/>
            <property name="CustomIcon" value="modArmorCoolingMesh"/>
            <property name="CustomIconTint" value="00ff00"/>
            <property name="Unlocks" value="modArmorCoolingMeshImproved"/>
            <property name="ItemTypeIcon" value="book"/>
	        <property name="AltItemTypeIcon" value="book_read"/>
            <effect_group tiered="false">
                <triggered_effect trigger="onSelfPrimaryActionEnd" action="ModifyCVar" cvar="modArmorCoolingMeshImproved" operation="set" value="1"/>
                <triggered_effect trigger="onSelfPrimaryActionEnd" action="ModifyCVar" cvar="modArmorCoolingMeshImprovedSchematic" operation="set" value="1"/>
                <triggered_effect trigger="onSelfPrimaryActionEnd" action="GiveExp" exp="50"/>
            </effect_group>
        </item>
        <item name="modArmorCoolingMeshAdvancedSchematic">
            <property name="Extends" value="schematicNoQualityMaster"/>
            <property name="CreativeMode" value="Player"/>
            <property name="CustomIcon" value="modArmorCoolingMesh"/>
            <property name="CustomIconTint" value="ffff00"/>
            <property name="Unlocks" value="modArmorCoolingMeshAdvanced"/>
            <property name="ItemTypeIcon" value="book"/>
	        <property name="AltItemTypeIcon" value="book_read"/>
            <effect_group tiered="false">
                <triggered_effect trigger="onSelfPrimaryActionEnd" action="ModifyCVar" cvar="modArmorCoolingMeshAdvanced" operation="set" value="1"/>
                <triggered_effect trigger="onSelfPrimaryActionEnd" action="ModifyCVar" cvar="modArmorCoolingMeshAdvancedSchematic" operation="set" value="1"/>
                <triggered_effect trigger="onSelfPrimaryActionEnd" action="GiveExp" exp="50"/>
            </effect_group>
        </item>
        <item name="modArmorBackpackFrameSchematic">
            <property name="Extends" value="schematicNoQualityMaster"/>
            <property name="CreativeMode" value="Player"/>
            <property name="CustomIcon" value="modArmorBackpackFrame"/>
            <property name="Unlocks" value="modArmorBackpackFrame"/>
            <property name="ItemTypeIcon" value="book"/>
	        <property name="AltItemTypeIcon" value="book_read"/>
            <effect_group tiered="false">
                <triggered_effect trigger="onSelfPrimaryActionEnd" action="ModifyCVar" cvar="modArmorBackpackFrame" operation="set" value="1"/>
                <triggered_effect trigger="onSelfPrimaryActionEnd" action="ModifyCVar" cvar="modArmorBackpackFrameSchematic" operation="set" value="1"/>
                <triggered_effect trigger="onSelfPrimaryActionEnd" action="GiveExp" exp="50"/>
            </effect_group>
        </item>
        <item name="modArmorLongFallBootsSchematic">
            <property name="Extends" value="schematicNoQualityMaster"/>
            <property name="CreativeMode" value="Player"/>
            <property name="CustomIcon" value="modArmorLongFallBoots"/>
            <property name="Unlocks" value="modArmorLongFallBoots"/>
            <property name="ItemTypeIcon" value="book"/>
	        <property name="AltItemTypeIcon" value="book_read"/>
            <effect_group tiered="false">
                <triggered_effect trigger="onSelfPrimaryActionEnd" action="ModifyCVar" cvar="modArmorLongFallBoots" operation="set" value="1"/>
                <triggered_effect trigger="onSelfPrimaryActionEnd" action="ModifyCVar" cvar="modArmorLongFallBootsImproved" operation="set" value="1"/>
                <triggered_effect trigger="onSelfPrimaryActionEnd" action="ModifyCVar" cvar="modArmorLongFallBootsSchematic" operation="set" value="1"/>
                <triggered_effect trigger="onSelfPrimaryActionEnd" action="GiveExp" exp="50"/>
            </effect_group>
        </item>
         <item name="modArmorPlatingMilitarySchematic">
            <property name="Extends" value="schematicNoQualityMaster"/>
            <property name="CreativeMode" value="Player"/>
            <property name="CustomIcon" value="modArmorPlatingMilitary"/>
            <property name="Unlocks" value="modArmorPlatingMilitary"/>
            <property name="ItemTypeIcon" value="book"/>
	        <property name="AltItemTypeIcon" value="book_read"/>
            <effect_group tiered="false">
                <triggered_effect trigger="onSelfPrimaryActionEnd" action="ModifyCVar" cvar="modArmorPlatingMilitary" operation="set" value="1"/>
                <triggered_effect trigger="onSelfPrimaryActionEnd" action="ModifyCVar" cvar="modArmorPlatingMilitarySchematic" operation="set" value="1"/>
                <triggered_effect trigger="onSelfPrimaryActionEnd" action="GiveExp" exp="50"/>
            </effect_group>
        </item>
    </append>
</configs>