<?xml version="1.0" encoding="UTF-8"?>
<configs>
    <!-- <item name=""/>
    <item name="" prob=""/>
    <append xpath="/lootcontainers/lootgroup[@name='']">

    </append> -->
    <!-- <append xpath="/lootcontainers/lootgroup[@name='modArmorT1']">

    </append> -->
    <append xpath="/lootcontainers/lootgroup[@name='modArmorT2']">
        <item name="ygModArmorInsulatedLinerImproved"/>
        <item name="ygModArmorCoolingMeshImproved"/>
    </append>
	<append xpath="/lootcontainers/lootgroup[@name='modArmorT3']">
        <item name="ygModArmorLongFallBoots" prob=".5"/>
        <item name="ygModArmorLongFallBootsImproved" prob=".25"/>
        <item name="ygModArmorPlatingMilitary"/>
        <item name="ygModArmorInsulatedLinerAdvanced"/>
        <item name="ygModArmorCoolingMeshAdvanced"/>
        <item name="ygModArmorStillSuit"/>
    </append>
    <append xpath="/lootcontainers/lootgroup[@name='schematicsModsRare']">
        <item name="ygModArmorLongFallBootsSchematic"/>
        <item name="ygModArmorPlatingMilitarySchematic"/>
        <item name="ygModArmorInsulatedLinerAdvancedSchematic"/>
        <item name="ygModArmorCoolingMeshAdvancedSchematic"/>
        <item name="ygModArmorBackpackFrameSchematic"/>
        <item name="ygModArmorStillSuitSchematic"/>
        <item name="resourceRawDiamondSchematic"/>
        <item name="ygModObsidianEdgeSchematic"/>
    </append>
    <append xpath="/lootcontainers/lootgroup[@name='schematicsModsCommon']">
        <item name="ygModArmorCoolingMeshImprovedSchematic"/>
        <item name="ygModArmorInsulatedLinerImprovedSchematic"/>
    </append>
    <append xpath="/lootcontainers/lootgroup[@name='rareFoodDrink']">
        <item name="ygApparelBlunt"/>
    </append>
    <append xpath="/lootcontainers/lootcontainer[@id='6']">
        <item name="ygApparelBlunt" prob=".5"/>
    </append>
</configs>